C,Mn,Al,Si,Fe,UTS,UE
0.6,12.0,0.0,0.0,87.4,830.0,27.6
0.3,12.0,3.0,0.0,84.7,943.2,46.3
0.05,6.15,0.0,1.5,92.3,1014.0,20.0
0.05,6.15,0.0,1.5,92.3,1099.0,13.8
0.05,6.15,0.0,1.5,92.3,1213.0,9.5
0.05,6.15,0.0,1.5,92.3,1348.0,6.9
0.15,6.0,3.0,1.5,89.35,856.0,14.7
0.15,6.0,3.0,1.5,89.35,929.0,35.2
0.3,6.0,3.0,1.5,89.2,1053.0,51.0
0.3,10.0,3.0,2.0,84.7,1241.0,15.1
0.3,10.0,3.0,2.0,84.7,1124.0,29.2
0.3,10.0,3.0,2.0,84.7,1148.0,62.4
0.12,4.6,1.1,0.55,93.63000000000001,988.0,11.5
0.12,4.6,1.1,0.55,93.63000000000001,1204.0,12.9
0.12,4.6,1.1,0.55,93.63000000000001,1461.0,6.2
0.12,5.8,3.1,0.47,90.51,854.0,14.7
0.12,5.8,3.1,0.47,90.51,994.0,23.8
0.12,5.8,3.1,0.47,90.51,1161.0,11.2
0.11,4.5,2.2,0.45,92.74,772.0,14.2
0.11,4.5,2.2,0.45,92.74,851.0,28.7
0.11,4.5,2.2,0.45,92.74,929.0,23.0
0.11,4.5,2.2,0.45,92.74,1014.0,15.1
0.075,5.1,2.1,0.49,92.23500000000001,821.0,21.3
0.075,5.1,2.1,0.49,92.23500000000001,870.0,23.8
0.075,5.1,2.1,0.49,92.23500000000001,972.0,16.1
0.075,5.1,2.1,0.49,92.23500000000001,1009.0,13.1
0.055,5.6,2.2,0.49,91.655,871.0,22.3
0.055,5.6,2.2,0.49,91.655,907.0,17.4
0.055,5.6,2.2,0.49,91.655,974.0,15.5
0.055,5.6,2.2,0.49,91.655,1008.0,10.8
0.08,12.8,0.0,0.0,87.12,1264.0,16.5
0.08,12.8,0.0,0.0,87.12,1329.0,29.7
0.08,12.8,0.0,0.0,87.12,1342.0,24.5
0.08,12.8,0.0,0.0,87.12,1408.0,23.1
0.15,6.0,1.0,1.5,91.35,950.2,14.9
0.15,6.0,1.0,1.5,91.35,1031.6,39.6
0.15,6.0,1.0,1.5,91.35,1201.5,32.1
0.1,5.18,0.026,0.12,94.574,597.0,23.5
0.1,5.18,0.026,0.12,94.574,624.0,38.5
0.1,5.18,0.026,0.12,94.574,651.0,17.5
0.1,5.18,0.026,0.12,94.574,846.0,12.5
0.1,5.18,0.026,0.12,94.574,1028.0,6.8
0.095,5.8,0.028,0.13,93.947,708.0,17.0
0.095,5.8,0.028,0.13,93.947,736.0,38.4
0.095,5.8,0.028,0.13,93.947,748.0,14.3
0.095,5.8,0.028,0.13,93.947,949.0,15.7
0.095,5.8,0.028,0.13,93.947,1181.0,8.1
0.099,7.09,0.031,0.13,92.64999999999999,801.0,17.5
0.099,7.09,0.031,0.13,92.64999999999999,874.0,29.8
0.099,7.09,0.031,0.13,92.64999999999999,1016.0,17.2
0.099,7.09,0.031,0.13,92.64999999999999,1198.0,16.8
0.099,7.09,0.031,0.13,92.64999999999999,1368.0,8.1
0.143,7.39,1.55,0.2,90.717,831.0,44.5
0.143,7.39,1.55,0.2,90.717,1080.0,15.4
0.143,10.07,1.68,0.2,87.907,1088.0,44.8
0.14,7.14,0.056,0.23,92.434,1044.1,33.2
0.14,7.14,0.056,0.23,92.434,1166.3,23.5
0.14,7.14,0.056,0.23,92.434,1029.7,34.8
0.14,7.14,0.056,0.23,92.434,1051.6,34.8
0.14,7.14,0.056,0.23,92.434,1095.5,31.7
0.14,7.14,0.056,0.23,92.434,1289.5,23.5
0.14,7.14,0.056,0.23,92.434,1442.9,14.6
0.14,7.14,0.056,0.23,92.434,1705.8,14.7
0.14,7.14,0.056,0.23,92.434,1721.4,12.5
0.14,7.14,0.056,0.23,92.434,1067.6,37.2
0.14,7.14,0.056,0.23,92.434,1092.1,32.9
0.14,7.14,0.056,0.23,92.434,1225.9,22.2
0.14,7.14,0.056,0.23,92.434,1473.9,17.4
0.14,7.14,0.056,0.23,92.434,1063.8,33.8
0.14,7.14,0.056,0.23,92.434,1126.0,28.7
0.14,7.14,0.056,0.23,92.434,1337.5,17.9
0.14,7.14,0.056,0.23,92.434,1533.4,10.4
0.19,4.39,0.01,0.0,95.41,950.0,2.5
0.19,4.39,0.01,0.0,95.41,895.0,2.0
0.19,4.39,0.01,0.0,95.41,781.0,7.3
0.19,4.39,0.01,0.0,95.41,737.0,12.3
0.19,4.39,0.01,0.0,95.41,733.0,35.3
0.19,4.39,0.01,0.0,95.41,957.0,30.8
0.19,4.39,0.01,0.0,95.41,1353.0,8.4
0.19,4.39,0.01,0.0,95.41,1601.0,6.5
0.189,4.45,0.48,0.0,94.881,889.0,2.6
0.189,4.45,0.48,0.0,94.881,862.0,2.7
0.189,4.45,0.48,0.0,94.881,781.0,11.4
0.189,4.45,0.48,0.0,94.881,737.0,13.1
0.189,4.45,0.48,0.0,94.881,726.0,18.4
0.189,4.45,0.48,0.0,94.881,855.0,34.2
0.189,4.45,0.48,0.0,94.881,1322.0,12.6
0.189,4.45,0.48,0.0,94.881,1477.0,9.3
0.195,4.52,1.3,0.0,93.98500000000001,911.0,5.6
0.195,4.52,1.3,0.0,93.98500000000001,849.0,9.5
0.195,4.52,1.3,0.0,93.98500000000001,753.0,10.5
0.195,4.52,1.3,0.0,93.98500000000001,711.0,11.8
0.195,4.52,1.3,0.0,93.98500000000001,683.0,16.8
0.195,4.52,1.3,0.0,93.98500000000001,702.0,19.9
0.195,4.52,1.3,0.0,93.98500000000001,977.0,25.7
0.195,4.52,1.3,0.0,93.98500000000001,1226.0,14.2
0.1,4.5,0.0,0.0,95.4,844.0,1.0
0.1,4.5,0.0,0.0,95.4,795.0,2.7
0.1,4.5,0.0,0.0,95.4,730.0,10.2
0.1,4.5,0.0,0.0,95.4,710.0,11.8
0.1,4.5,0.0,0.0,95.4,759.0,32.3
0.1,4.5,0.0,0.0,95.4,900.0,16.2
0.1,4.5,0.0,0.0,95.4,1096.0,9.8
0.1,4.5,0.0,0.0,95.4,1253.0,7.8
0.14,7.39,1.55,0.2,90.72,930.0,14.3
0.14,7.39,1.55,0.2,90.72,919.0,10.2
0.14,7.39,1.55,0.2,90.72,1120.0,35.4
0.09,13.9,2.01,2.07,81.92999999999999,1060.0,39.6
0.27,11.1,1.49,1.37,85.77000000000001,1330.0,23.3
0.08,15.1,1.4,1.95,81.47,1160.0,39.6
0.16,14.3,0.89,2.97,81.68,1370.0,33.5
0.17,10.2,0.3,2.38,86.95,1400.0,33.1
0.11,11.5,0.38,2.46,85.55000000000001,1300.0,25.4
0.1,13.8,0.4,2.01,83.69,1320.0,24.0
0.1,13.0,0.45,1.57,84.88000000000001,1450.0,27.0
0.11,4.86,0.0,0.0,95.03,812.0,9.5
0.11,4.86,0.0,0.0,95.03,777.0,16.4
0.11,4.86,0.0,0.0,95.03,857.0,24.1
0.11,4.86,0.0,0.0,95.03,1027.0,13.2
0.17,4.72,0.0,0.0,95.11,809.0,16.4
0.17,4.72,0.0,0.0,95.11,917.0,18.7
0.17,4.72,0.0,0.0,95.11,1101.0,14.8
0.17,4.72,0.0,0.0,95.11,1326.0,9.3
0.25,7.17,2.6,0.0,89.98,873.0,18.4
0.25,7.17,2.6,0.0,89.98,889.0,22.7
0.25,7.17,2.6,0.0,89.98,884.0,27.2
0.25,7.17,2.6,0.0,89.98,942.0,59.9
0.25,7.17,2.6,0.0,89.98,910.0,49.7
0.16,3.95,0.0,0.5,95.39,1105.0,0.6
0.16,3.95,0.0,0.5,95.39,1094.0,14.2
0.16,3.95,0.0,0.5,95.39,1084.0,17.3
0.16,3.95,0.0,0.5,95.39,1187.0,15.1
0.16,3.95,0.0,0.5,95.39,1465.0,8.6
0.16,3.95,0.0,0.5,95.39,1726.0,5.0
0.16,3.95,0.0,0.5,95.39,1694.0,4.5
0.16,3.95,0.0,0.5,95.39,1046.0,17.8
0.16,3.95,0.0,0.5,95.39,972.8,21.6
0.16,3.95,0.0,0.5,95.39,1031.0,20.2
0.16,3.95,0.0,0.5,95.39,955.7,23.6
0.16,3.95,0.0,0.5,95.39,921.8,15.2
0.16,3.95,0.0,0.5,95.39,1122.0,27.4
0.16,3.95,0.0,0.5,95.39,1022.0,28.7
0.16,3.95,0.0,0.5,95.39,1083.0,37.2
0.16,3.95,0.0,0.5,95.39,1095.0,41.5
0.16,3.95,0.0,0.5,95.39,1082.0,42.0
0.15,10.0,1.5,0.0,88.35,993.0,42.8
0.15,10.0,1.5,0.0,88.35,1229.0,26.4
0.15,10.0,1.5,0.0,88.35,1420.0,28.8
0.15,10.0,1.5,0.0,88.35,1537.0,23.1
0.15,10.0,1.5,0.0,88.35,1549.0,21.4
0.05,12.0,3.0,0.0,84.95,938.0,8.1
0.05,12.0,3.0,0.0,84.95,827.0,14.2
0.05,12.0,3.0,0.0,84.95,786.0,24.5
0.05,12.0,3.0,0.0,84.95,804.0,29.2
0.05,12.0,3.0,0.0,84.95,941.0,7.9
0.05,12.0,3.0,0.0,84.95,777.8,13.4
0.3,7.0,2.0,0.0,90.7,958.9,21.0
0.3,7.0,2.0,0.0,90.7,1025.2,65.5
0.3,7.0,2.0,0.0,90.7,1220.2,37.4
0.22,7.2,2.4,0.0,90.17999999999999,898.6,21.4
0.22,7.2,2.4,0.0,90.17999999999999,989.3,59.6
0.22,7.2,2.4,0.0,90.17999999999999,1155.4,41.1
0.22,7.2,2.4,0.0,90.17999999999999,1091.0,43.4
0.22,7.2,2.4,0.0,90.17999999999999,1255.1,29.9
0.092,5.91,0.028,0.017,93.953,781.2,13.0
0.092,5.91,0.028,0.017,93.953,767.5,36.0
0.092,5.91,0.028,0.017,93.953,848.0,35.6
0.092,5.91,0.028,0.017,93.953,961.9,26.9
0.092,5.91,0.028,0.017,93.953,1130.7,15.9
0.092,5.91,0.028,0.017,93.953,1331.0,10.6
0.092,5.91,0.028,0.017,93.953,1427.2,9.3
0.1,6.38,0.0,0.0,93.52000000000001,776.4,12.8
0.1,6.38,0.0,0.0,93.52000000000001,768.8,31.0
0.1,6.38,0.0,0.0,93.52000000000001,825.4,28.8
0.1,6.38,0.0,0.0,93.52000000000001,915.8,22.6
0.1,6.38,0.0,0.0,93.52000000000001,1168.3,15.8
0.1,6.38,0.0,0.0,93.52000000000001,1270.1,10.0
0.1,6.38,0.0,0.0,93.52000000000001,1405.8,7.3
0.12,6.1,0.0,1.5,92.28,1203.6,22.1
0.15,6.09,1.849,0.969,90.942,1200.0,20.5
0.15,6.09,1.849,0.969,90.942,1200.0,23.8
0.15,6.09,1.849,0.969,90.942,1400.0,12.2
0.15,6.09,1.849,0.969,90.942,1350.0,12.5
0.15,6.09,1.849,0.969,90.942,1400.0,15.0
0.52,7.75,2.78,0.0,88.95,1090.0,47.4
0.086,8.05,0.021,0.138,91.705,1235.0,20.7
0.086,8.05,0.021,0.138,91.705,1307.0,26.9
0.28,6.2,0.0,1.6,91.92,1260.0,32.7
0.056,8.9,1.0,1.54,88.50399999999999,1070.3,23.2
0.056,8.9,1.0,1.54,88.50399999999999,1157.0,22.0
0.056,8.9,1.0,1.54,88.50399999999999,1150.5,24.4
0.056,8.9,1.0,1.54,88.50399999999999,1145.8,21.5
0.208,5.11,2.47,0.0,92.212,1123.3,17.1
0.208,5.11,2.47,0.0,92.212,1343.8,17.4
0.208,5.11,2.47,0.0,92.212,1440.3,12.6
0.12,7.0,0.0,0.3,92.58,1132.3,34.3
0.12,7.0,0.0,0.3,92.58,1053.4,20.3
0.1,4.91,0.008,2.04,92.94200000000001,849.0,25.6
0.1,4.91,0.008,2.04,92.94200000000001,939.0,16.5
0.1,4.91,0.008,2.04,92.94200000000001,1064.0,15.2
0.1,4.91,0.008,2.04,92.94200000000001,1208.0,9.2
0.06,5.5,0.03,0.2,94.21,1109.5,17.5
0.06,5.5,0.03,0.2,94.21,1089.9,15.6
0.06,5.5,0.03,0.2,94.21,1073.2,13.7
0.06,5.5,0.03,0.2,94.21,1053.3,12.8
0.06,5.5,0.03,0.2,94.21,1014.6,8.3
0.06,5.5,0.03,0.2,94.21,1204.6,11.0
0.06,5.5,0.03,0.2,94.21,1412.7,5.7
0.2,5.0,0.0,2.5,92.3,931.1,34.4
0.2,5.0,0.0,2.5,92.3,1128.5,28.0
0.2,5.0,0.0,2.5,92.3,1249.0,19.4
0.22,11.2,1.95,0.0,86.63,1398.3,2.0
0.22,11.2,1.95,0.0,86.63,1249.7,40.5
0.22,11.2,1.95,0.0,86.63,1536.2,24.2
0.22,11.2,1.95,0.0,86.63,1708.8,16.3
0.22,11.2,1.95,0.0,86.63,1669.7,15.2
0.22,11.2,1.95,0.0,86.63,1273.6,48.6
0.22,11.2,1.95,0.0,86.63,1336.1,39.7
0.22,11.2,1.95,0.0,86.63,1329.5,33.5
0.05,8.51,0.08,0.29,91.07,1193.0,22.2
0.093,7.22,0.013,0.49,92.184,1402.0,19.5
0.18,8.0,0.0,0.0,91.82,1047.0,30.2
0.18,8.0,0.0,0.0,91.82,1458.0,29.6
0.18,8.0,0.0,0.0,91.82,2004.0,11.6
0.1,13.8,0.4,2.01,83.69,1316.0,24.0
0.17,10.2,0.3,2.38,86.95,1404.0,33.2
0.4,8.0,3.0,2.0,86.6,1217.0,38.6
0.3,6.0,3.0,1.5,89.2,905.0,19.6
0.3,6.0,3.0,1.5,89.2,926.0,41.4
0.3,6.0,3.0,1.5,89.2,977.0,47.0
0.3,6.0,3.0,1.5,89.2,984.0,42.9
0.3,6.0,3.0,1.5,89.2,1130.0,36.0
0.3,6.0,3.0,1.5,89.2,1129.0,31.6
0.3,6.0,3.0,1.5,89.2,1365.0,16.6
0.45,10.0,1.0,0.0,88.55,1027.0,46.0
0.092,4.6,0.0,0.0,95.308,950.0,15.9
0.092,4.6,0.0,0.0,95.308,951.0,17.5
0.092,4.6,0.0,0.0,95.308,933.0,15.5
0.092,4.6,0.0,0.0,95.308,959.0,15.5
0.092,4.6,0.0,0.0,95.308,868.0,21.0
0.092,4.6,0.0,0.0,95.308,977.0,13.1
0.092,4.6,0.0,0.0,95.308,961.0,14.3
0.092,4.6,0.0,0.0,95.308,950.0,13.2
0.092,4.6,0.0,0.0,95.308,955.0,12.0
0.1,4.7,0.0,0.0,95.2,764.1,13.5
0.1,4.7,0.0,0.0,95.2,773.2,20.7
0.1,4.7,0.0,0.0,95.2,788.0,23.7
0.1,4.7,0.0,0.0,95.2,824.5,23.2
0.1,4.7,0.0,0.0,95.2,825.6,24.9
0.1,4.7,0.0,0.0,95.2,906.6,19.2
0.1,4.7,0.0,0.0,95.2,880.3,22.0
0.1,4.7,0.0,0.0,95.2,895.2,21.6
0.1,4.7,0.0,0.0,95.2,903.1,19.1
0.1,4.7,0.0,0.0,95.2,868.9,14.2
0.25,4.0,1.88,0.6,93.27000000000001,913.0,11.4
0.25,4.0,1.88,0.6,93.27000000000001,951.0,44.4
0.25,4.0,1.88,0.6,93.27000000000001,1143.0,27.1
0.25,4.0,1.88,0.6,93.27000000000001,1251.0,19.6
0.3,6.0,3.0,1.5,89.2,905.0,19.6
0.3,6.0,3.0,1.5,89.2,926.0,41.4
0.3,6.0,3.0,1.5,89.2,977.0,47.0
0.3,6.0,3.0,1.5,89.2,984.0,42.9
0.3,6.0,3.0,1.5,89.2,1130.0,36.0
0.3,6.0,3.0,1.5,89.2,1129.0,31.6
0.3,6.0,3.0,1.5,89.2,1365.0,16.6
0.1,6.38,0.0,0.0,93.52000000000001,808.7,12.5
0.1,6.38,0.0,0.0,93.52000000000001,787.4,20.3
0.1,6.38,0.0,0.0,93.52000000000001,811.4,32.2
0.1,6.38,0.0,0.0,93.52000000000001,888.8,30.5
0.1,6.38,0.0,0.0,93.52000000000001,1038.3,20.9
0.1,6.38,0.0,0.0,93.52000000000001,1283.8,13.5
0.1,6.38,0.0,0.0,93.52000000000001,1350.5,7.6
0.12,6.1,0.0,1.5,92.28,957.5,27.5
0.12,6.1,0.0,1.5,92.28,992.8,26.4
0.12,6.1,0.0,1.5,92.28,1105.0,22.8
0.12,6.1,0.0,1.5,92.28,1083.0,28.6
0.11,4.86,0.0,0.0,95.03,780.0,10.1
0.11,4.86,0.0,0.0,95.03,760.0,11.6
0.11,4.86,0.0,0.0,95.03,821.0,24.3
0.11,4.86,0.0,0.0,95.03,1039.0,15.6
0.17,4.72,0.0,0.0,95.11,785.0,11.3
0.17,4.72,0.0,0.0,95.11,895.0,19.2
0.17,4.72,0.0,0.0,95.11,1059.0,9.3
0.17,4.72,0.0,0.0,95.11,1252.0,9.0
0.28,9.33,2.6,0.0,87.79,959.0,34.3
0.2,5.0,0.0,0.0,94.8,934.7,10.2
0.2,5.0,0.0,0.0,94.8,893.1,18.4
0.2,5.0,0.0,0.0,94.8,879.2,19.8
0.2,5.0,0.0,0.0,94.8,887.1,28.6
0.2,5.0,0.0,0.0,94.8,920.8,33.6
0.2,5.0,0.0,0.0,94.8,912.9,37.5
0.18,6.4,2.8,0.5,90.11999999999999,717.0,18.6
0.18,6.4,2.8,0.5,90.11999999999999,737.0,40.5
0.18,6.4,2.8,0.5,90.11999999999999,753.0,45.5
0.18,6.4,2.8,0.5,90.11999999999999,762.0,44.7
0.18,6.4,2.8,0.5,90.11999999999999,1018.0,21.9
0.18,6.4,2.8,0.5,90.11999999999999,910.0,33.8
0.18,6.4,2.8,0.5,90.11999999999999,914.0,36.2
0.18,6.4,2.8,0.5,90.11999999999999,955.0,34.6
0.18,6.4,2.8,0.5,90.11999999999999,961.0,28.3
0.12,5.13,0.0,0.009,94.741,753.0,9.1
0.12,5.13,0.0,0.009,94.741,785.0,11.2
0.12,5.13,0.0,0.009,94.741,802.0,28.6
0.12,5.13,0.0,0.009,94.741,1013.0,17.6
0.12,5.13,0.0,0.009,94.741,1205.0,10.8
0.12,5.13,0.0,0.009,94.741,1408.0,4.2
0.12,5.13,0.0,0.009,94.741,719.0,9.9
0.12,5.13,0.0,0.009,94.741,762.0,11.9
0.12,5.13,0.0,0.009,94.741,818.0,24.9
0.12,5.13,0.0,0.009,94.741,989.0,20.9
0.12,5.13,0.0,0.009,94.741,1176.0,15.6
0.12,5.13,0.0,0.009,94.741,1203.0,5.1
0.1,5.25,0.0,2.09,92.56,919.0,13.1
0.1,5.25,0.0,2.09,92.56,943.0,14.1
0.1,5.25,0.0,2.09,92.56,1004.0,29.1
0.1,5.25,0.0,2.09,92.56,1071.0,25.0
0.1,5.25,0.0,2.09,92.56,1239.0,17.6
0.1,5.25,0.0,2.09,92.56,1589.0,4.3
0.1,5.25,0.0,2.09,92.56,898.0,13.9
0.1,5.25,0.0,2.09,92.56,922.0,14.9
0.1,5.25,0.0,2.09,92.56,981.0,22.4
0.1,5.25,0.0,2.09,92.56,1050.0,28.0
0.1,5.25,0.0,2.09,92.56,1174.0,18.5
0.1,5.25,0.0,2.09,92.56,1385.0,7.8
0.1,5.25,0.0,2.09,92.56,998.0,9.5
0.1,5.25,0.0,2.09,92.56,914.0,11.1
0.1,5.25,0.0,2.09,92.56,978.0,14.5
0.1,5.25,0.0,2.09,92.56,1079.0,24.0
0.1,5.25,0.0,2.09,92.56,1240.0,13.4
0.1,5.25,0.0,2.09,92.56,1438.0,2.3
0.011,5.22,0.019,0.006,94.744,792.0,12.2
0.011,5.22,0.019,0.006,94.744,825.0,9.8
0.075,5.24,0.056,0.006,94.623,887.0,17.9
0.075,5.24,0.056,0.006,94.623,887.0,15.9
0.12,5.1,0.064,0.009,94.70700000000001,1104.0,22.9
0.12,5.1,0.064,0.009,94.70700000000001,1045.0,23.5
0.3,5.06,0.022,0.019,94.59899999999999,1368.0,15.2
0.3,5.06,0.022,0.019,94.59899999999999,1586.0,21.4
0.4,5.17,0.029,0.008,94.393,1528.0,9.9
0.4,5.17,0.029,0.008,94.393,1696.0,19.8
0.3,4.0,1.82,0.6,93.28000000000002,858.8,13.4
0.3,4.0,1.82,0.6,93.28000000000002,886.0,49.2
0.3,4.0,1.82,0.6,93.28000000000002,1005.1,37.5
0.3,4.0,1.82,0.6,93.28000000000002,1124.2,25.1
0.3,4.0,1.82,0.6,93.28000000000002,1230.7,16.5
0.3,4.0,1.82,0.6,93.28000000000002,1310.1,11.5
0.19,4.02,0.031,0.5,95.259,1514.0,4.1
0.19,4.02,0.031,0.5,95.259,969.0,5.6
0.19,4.02,0.031,0.5,95.259,942.0,6.8
0.19,4.02,0.031,0.5,95.259,927.0,14.6
0.19,4.02,0.031,0.5,95.259,1111.0,20.2
0.17,3.99,0.025,0.5,95.315,1422.0,3.7
0.17,3.99,0.025,0.5,95.315,946.0,6.4
0.17,3.99,0.025,0.5,95.315,922.0,7.9
0.17,3.99,0.025,0.5,95.315,901.0,16.5
0.17,3.99,0.025,0.5,95.315,1067.0,19.3
0.15,4.02,0.027,0.49,95.313,1374.0,3.6
0.15,4.02,0.027,0.49,95.313,1008.0,6.6
0.15,4.02,0.027,0.49,95.313,979.0,7.3
0.15,4.02,0.027,0.49,95.313,953.0,14.6
0.15,4.02,0.027,0.49,95.313,1113.0,18.1
0.28,6.2,0.0,1.6,91.92,1212.1,11.8
0.28,6.2,0.0,1.6,91.92,1243.8,23.0
0.28,6.2,0.0,1.6,91.92,1282.1,17.9
0.3,9.3,2.15,0.028,88.222,1017.2,25.5
0.3,9.3,2.15,0.028,88.222,1111.8,46.8
0.3,9.3,2.15,0.028,88.222,1123.3,45.1
0.3,9.3,2.15,0.028,88.222,1120.6,47.0
0.3,9.3,2.15,0.028,88.222,1183.4,1.0
0.3,9.3,2.15,0.028,88.222,1182.3,11.8
0.3,9.3,2.15,0.028,88.222,994.8,30.7
0.3,9.3,2.15,0.028,88.222,969.3,47.1
0.3,9.3,2.15,0.028,88.222,1000.0,48.9
0.05,5.0,0.0,0.2,94.75,863.1,12.8
0.05,5.0,0.0,0.2,94.75,871.9,25.0
0.05,5.0,0.0,0.2,94.75,996.2,18.5
0.19,4.99,0.0,1.98,92.84,1855.0,4.8
0.19,4.99,0.0,1.98,92.84,1079.0,32.4
0.19,4.99,0.0,1.98,92.84,1617.0,6.1
0.19,4.99,0.0,1.98,92.84,1228.0,25.8
0.19,4.99,0.0,1.98,92.84,1064.0,9.1
0.19,4.99,0.0,1.98,92.84,1087.0,30.3
0.57,12.4,1.4,0.4,85.22999999999999,1175.0,17.0
0.57,12.4,1.4,0.4,85.22999999999999,930.0,26.0
0.57,12.4,1.4,0.4,85.22999999999999,910.0,32.3
0.57,12.4,1.4,0.4,85.22999999999999,925.0,40.3
0.57,12.4,1.4,0.4,85.22999999999999,870.0,42.5
0.57,12.4,1.4,0.4,85.22999999999999,800.0,44.7
0.57,12.4,1.4,0.4,85.22999999999999,770.0,51.0
0.57,12.4,1.4,0.4,85.22999999999999,710.0,44.7
0.2,4.88,3.11,0.62,91.19,842.0,54.7
0.2,4.88,3.11,0.62,91.19,866.0,54.9
0.2,4.88,3.11,0.62,91.19,897.0,50.9
0.2,4.88,3.11,0.62,91.19,931.0,50.1
0.2,4.88,3.11,0.62,91.19,1006.0,46.2
0.2,4.88,3.11,0.62,91.19,1054.0,43.9
0.083,4.62,0.0,0.0,95.297,805.0,22.4
0.083,4.62,0.0,0.0,95.297,877.0,23.2
0.083,4.62,0.0,0.0,95.297,887.0,21.1
0.083,4.62,0.0,0.0,95.297,947.0,20.4
0.083,4.62,0.0,0.0,95.297,855.0,21.5
0.083,4.62,0.0,0.0,95.297,922.0,21.3
0.083,4.62,0.0,0.0,95.297,978.0,18.9
0.083,4.62,0.0,0.0,95.297,959.0,19.3
0.2,4.72,0.0,0.0,95.08,1040.1,29.7
0.2,4.72,0.0,0.0,95.08,1054.2,29.5
0.2,4.72,0.0,0.0,95.08,1180.3,27.3
0.2,4.72,0.0,0.0,95.08,1208.1,25.6
0.2,4.72,0.0,0.0,95.08,1250.4,27.1
0.2,4.72,0.0,0.0,95.08,1304.9,32.7
0.15,7.0,0.0,0.2,92.64999999999999,953.6,10.5
0.15,7.0,0.0,0.2,92.64999999999999,1216.0,23.4
0.15,7.0,0.0,0.2,92.64999999999999,1281.1,15.7
0.15,7.0,0.0,0.2,92.64999999999999,984.2,29.3
0.15,7.0,0.0,0.2,92.64999999999999,1113.8,26.0
0.15,7.0,0.0,0.2,92.64999999999999,1200.0,28.9
0.15,7.0,0.0,0.2,92.64999999999999,1156.8,29.4
0.15,7.0,0.0,0.2,92.64999999999999,1284.6,19.1
0.15,7.0,1.0,0.3,91.55,1667.5,4.6
0.15,7.0,1.0,0.3,91.55,1801.7,5.2
0.15,7.0,1.0,0.3,91.55,995.2,5.0
0.15,7.0,1.0,0.3,91.55,1011.4,45.6
0.15,7.0,1.0,0.3,91.55,1342.3,18.2
0.15,7.0,1.0,0.3,91.55,1566.7,6.3
0.25,8.67,2.69,0.54,87.85,1094.0,48.2
0.25,8.67,2.69,0.54,87.85,1062.0,43.0
0.25,8.67,2.69,0.54,87.85,1138.0,62.4
0.25,8.67,2.69,0.54,87.85,1143.0,59.4
0.2,4.88,3.11,0.62,91.19,852.7,60.7
0.2,4.88,3.11,0.62,91.19,1103.3,42.3
0.22,11.2,1.95,0.0,86.63,1403.4,30.2
0.18,11.02,3.81,0.0,84.99,736.4,30.0
0.4,6.25,2.24,0.0,91.11,1085.6,12.8
0.4,6.25,2.24,0.0,91.11,1003.9,26.3
0.4,6.25,2.24,0.0,91.11,1067.6,60.3
0.4,6.25,2.24,0.0,91.11,1392.2,41.6
0.17,5.6,1.2,0.0,93.03,1058.6,9.0
0.17,5.6,1.2,0.0,93.03,1191.2,45.3
0.17,5.6,1.2,0.0,93.03,1166.7,41.7
0.17,5.6,1.2,0.0,93.03,1161.8,30.2
0.17,5.6,1.2,0.0,93.03,1120.0,23.8
0.23,3.0,1.7,0.6,94.47,1197.0,25.0
0.23,3.0,1.7,0.6,94.47,1234.0,30.0
0.23,3.0,1.7,0.6,94.47,1285.0,25.0
0.23,3.0,1.7,0.6,94.47,1449.0,20.0
0.11,8.1,1.8,0.6,89.39000000000001,1455.0,12.0
0.11,8.1,1.8,0.6,89.39000000000001,1106.0,57.0
0.11,8.1,1.8,0.6,89.39000000000001,1290.0,35.0
0.11,8.1,1.8,0.6,89.39000000000001,1405.0,30.0
0.25,7.17,2.6,0.0,89.98,937.0,52.2
0.25,7.17,2.6,0.0,89.98,943.0,59.8
0.05,8.51,0.08,0.29,91.07,1034.0,17.1
0.093,7.22,0.013,0.49,92.184,1231.0,22.2
0.21,4.94,0.032,1.5,93.31800000000001,1168.0,29.4
0.2,1.5,0.035,1.49,96.775,873.0,20.0
0.3,4.0,0.0,1.6,94.10000000000001,1661.0,11.9
0.3,4.0,0.0,1.6,94.10000000000001,1666.0,13.7
0.3,4.0,0.0,1.6,94.10000000000001,1621.0,12.4
0.3,4.0,0.0,1.6,94.10000000000001,1556.0,14.7
0.1,5.0,0.02,1.2,93.68,1061.2,21.6
0.1,5.0,0.02,1.2,93.68,779.3,35.6
0.28,4.08,0.0,1.42,94.22,1509.3,15.2
0.28,4.08,0.0,1.42,94.22,1539.0,13.6
0.28,4.08,0.0,1.42,94.22,1394.8,9.7
0.12,4.89,1.52,0.0,93.47,1342.0,4.2
0.12,4.89,1.52,0.0,93.47,667.0,17.0
0.12,4.89,1.52,0.0,93.47,986.0,16.2
0.12,4.89,1.52,0.0,93.47,877.0,19.4
0.21,10.2,1.94,0.0,87.65,1335.0,16.2
0.21,10.2,1.94,0.0,87.65,1685.0,7.9
0.21,10.2,1.94,0.0,87.65,1662.0,9.2
0.21,10.2,1.94,0.0,87.65,1515.0,14.8
0.21,10.2,1.94,0.0,87.65,1362.0,13.8
0.22,6.83,0.0,1.53,91.42,1076.5,27.2
0.22,6.83,0.0,1.53,91.42,1096.3,27.0
0.22,6.83,0.0,1.53,91.42,1125.9,13.8
0.14,7.0,0.0,0.22,92.64,1496.0,2.6
0.14,7.0,0.0,0.22,92.64,1565.0,9.6
0.2,8.5,3.0,0.0,88.3,863.5,18.2
0.2,8.5,3.0,0.0,88.3,995.5,54.6
0.2,8.5,3.0,0.0,88.3,997.6,45.5
0.2,8.5,3.0,0.0,88.3,1119.2,34.5
0.2,8.5,3.0,0.0,88.3,1228.1,23.3
0.17,5.56,1.21,0.0,93.06,1233.2,26.8
0.17,5.56,1.21,0.0,93.06,1633.0,13.3
0.2,12.4,5.2,0.9,81.29999999999998,815.0,28.1
0.2,12.4,5.2,0.9,81.29999999999998,760.0,33.2
0.23,8.1,5.3,0.01,86.36,793.0,26.4
0.23,8.1,5.3,0.01,86.36,949.0,51.0
0.6,20.15,9.22,0.0,70.03,875.0,31.0
0.6,20.15,9.22,0.0,70.03,830.0,36.0
0.6,20.15,9.22,0.0,70.03,806.0,39.0
0.6,20.15,9.22,0.0,70.03,787.0,40.0
0.8,15.0,7.0,0.0,77.2,1051.0,35.1
0.4,3.5,5.9,0.0,90.19999999999999,906.0,25.1
0.3,9.0,5.0,0.0,85.7,785.0,87.7
0.3,9.0,5.0,0.0,85.7,874.0,70.8
0.3,9.0,5.0,0.0,85.7,840.0,25.2
0.32,5.8,5.0,0.0,88.88000000000001,807.8,52.5
0.32,5.8,5.0,0.0,88.88000000000001,952.6,28.8
0.32,5.8,5.0,0.0,88.88000000000001,1058.3,13.3
0.22,11.2,1.95,0.0,86.63,1403.4,30.2
0.18,11.02,3.81,0.0,84.99,736.4,30.0
0.21,10.75,6.08,0.0,82.96000000000001,662.0,61.9
0.8,8.0,8.0,0.0,83.2,1676.9,13.3
0.26,10.1,6.3,0.0,83.34,806.3,43.3
0.26,10.1,6.3,0.0,83.34,783.7,47.9
0.26,10.1,6.3,0.0,83.34,761.1,48.5
0.26,10.1,6.3,0.0,83.34,655.6,35.5
0.0,25.6,0.0,0.0,74.4,831.4,35.8
0.0,25.5,0.19,0.0,74.31,799.8,38.1
0.0,26.1,0.7,0.0,73.2,600.5,47.3
0.0,26.2,3.6,0.0,70.2,495.9,44.4
0.11,30.9,1.21,0.0,67.78000000000002,569.9,45.8
0.24,31.0,1.18,0.0,67.58,632.1,41.5
0.37,31.4,1.19,0.0,67.03999999999999,706.7,48.1
0.31,31.4,5.09,0.0,63.19999999999999,742.0,43.7
2.0,30.0,9.5,0.0,58.5,1161.3,53.3
2.0,30.0,9.5,0.0,58.5,1509.7,31.8
2.0,30.0,9.5,0.0,58.5,1561.3,25.1
0.31,8.8,5.1,0.0,85.79,880.0,1.7
0.31,8.8,5.1,0.0,85.79,1557.0,16.8
0.31,8.8,5.1,0.0,85.79,1150.0,12.2
0.31,8.8,5.1,0.0,85.79,1090.0,9.1
0.35,3.5,5.8,0.0,90.35000000000001,824.0,11.61629434954
0.35,3.5,5.8,0.0,90.35000000000001,794.0,27.1222076215505
0.35,3.5,5.8,0.0,90.35000000000001,800.0,34.9540078843626
0.35,3.5,5.8,0.0,90.35000000000001,830.0,34.4809461235216
0.35,3.5,5.8,0.0,90.35000000000001,877.0,27.227332457293
0.35,3.5,5.8,0.0,90.35000000000001,947.0,15.1379763469119
0.7,10.4,9.7,0.0,79.19999999999999,971.0,4.8
0.7,10.4,9.7,0.0,79.19999999999999,877.0,7.8
0.7,10.4,9.7,0.0,79.19999999999999,879.0,17.2555338817742
0.7,10.4,9.7,0.0,79.19999999999999,855.0,29.1196675430412
0.7,10.4,9.7,0.0,79.19999999999999,804.0,23.5647136342582
0.7,10.4,9.7,0.0,79.19999999999999,763.0,13.2472616010907
0.7,10.4,9.7,0.0,79.19999999999999,671.0,9.8100245950301
0.7,10.4,9.7,0.0,79.19999999999999,611.0,2.97645531467938
0.35,1.1,4.1,0.38,94.07000000000002,814.5,14.1
0.35,1.1,4.1,0.38,94.07000000000002,666.4,27.9
0.35,1.1,4.1,0.38,94.07000000000002,715.4,10.4
0.35,1.1,4.1,0.38,94.07000000000002,674.4,12.5
0.32,5.8,5.0,0.0,88.88000000000001,923.7,51.7
0.32,5.8,5.0,0.0,88.88000000000001,910.4,58.4
0.32,5.8,5.0,0.0,88.88000000000001,889.9,46.7
0.32,5.8,5.0,0.0,88.88000000000001,833.4,13.5
0.32,5.8,5.0,0.0,88.88000000000001,920.9,51.6
0.32,5.8,5.0,0.0,88.88000000000001,882.1,40.7
0.32,5.8,5.0,0.0,88.88000000000001,898.5,25.9
0.32,5.8,5.0,0.0,88.88000000000001,724.0,13.0
0.017,4.5,7.9,0.0,87.583,592.2,16.9
0.18,3.34,6.57,0.0,89.91,635.0,17.1
0.18,3.34,6.57,0.0,89.91,704.0,16.9
0.18,3.34,6.57,0.0,89.91,648.0,13.2
0.18,3.34,6.57,0.0,89.91,631.0,11.4
0.18,3.34,6.57,0.0,89.91,671.0,8.4
0.18,3.34,6.57,0.0,89.91,550.0,0.9
0.18,3.34,6.57,0.0,89.91,640.0,19.4
0.92,28.8,9.37,0.035,60.87500000000001,997.0,37.0
0.92,28.8,9.37,0.035,60.87500000000001,979.0,39.8
0.92,28.8,9.37,0.035,60.87500000000001,868.0,48.9
0.92,28.8,9.37,0.035,60.87500000000001,801.0,50.0
0.92,28.8,9.37,0.035,60.87500000000001,789.0,55.0
0.92,28.8,9.37,0.035,60.87500000000001,869.0,51.8
0.75,28.89,9.48,0.035,60.845,822.0,47.7
0.75,28.89,9.48,0.035,60.845,957.0,34.5
0.56,29.06,9.57,0.04,60.769999999999996,904.0,28.4
0.36,28.86,9.52,0.04,61.220000000000006,841.0,24.9
1.0,28.0,12.0,0.0,59.0,884.6,58.4
1.0,28.0,12.0,0.0,59.0,889.6,51.0
1.0,28.0,12.0,0.0,59.0,937.8,35.8
1.0,28.0,12.0,0.0,59.0,986.0,19.7
1.0,28.0,12.0,0.0,59.0,1065.3,1.4
0.8,12.0,7.0,0.0,80.2,973.0,2.6
0.8,12.0,7.0,0.0,80.2,998.0,25.4
0.8,15.0,7.0,0.0,77.2,1063.0,15.5
0.8,15.0,7.0,0.0,77.2,1020.0,28.4
0.8,20.0,7.0,0.0,72.2,1080.0,19.3
0.8,20.0,7.0,0.0,72.2,1005.0,27.3
1.2,30.5,2.1,0.0,66.2,935.0,75.0
1.2,30.5,2.1,0.0,66.2,850.0,35.0
1.2,30.5,8.0,0.0,60.3,895.0,65.0
1.2,30.5,8.0,0.0,60.3,1180.0,37.0
0.05,14.91,0.0,0.0,85.04,881.0,18.1
0.05,16.86,0.0,0.0,83.09,769.4,28.3
0.05,18.66,0.0,0.0,81.29,695.7,20.1
0.32,3.85,4.18,1.53,90.12,895.1,14.1
0.32,3.85,4.18,1.53,90.12,920.4,34.4
0.32,3.85,4.18,1.53,90.12,1141.2,12.0
0.0035,0.1,6.81,0.008,93.0785,465.0,18.5
0.0015,0.1,8.1,0.007,91.79150000000001,527.0,11.9
0.04,0.13,9.74,0.007,90.083,626.0,11.6
0.31,6.67,5.94,0.02,87.06,728.1,33.0
0.47,26.0,9.7,0.0,63.83,945.0,20.6
0.47,26.0,9.7,0.0,63.83,882.0,26.7
0.17,3.3,1.7,0.22,94.61,957.0,11.5
0.16,4.7,1.6,0.22,93.32000000000001,1215.0,7.6
0.3,8.5,5.6,0.0,85.60000000000001,887.4,18.1
0.3,8.5,5.6,0.0,85.60000000000001,783.3,26.0
0.3,8.5,5.6,0.0,85.60000000000001,732.1,74.8
0.7,12.0,5.5,0.0,81.8,1416.8,5.9
0.7,12.0,5.5,0.0,81.8,1233.6,16.0
0.7,12.0,5.5,0.0,81.8,1056.2,32.7
0.7,12.0,5.5,0.0,81.8,1001.8,41.1
0.5,12.0,7.0,0.0,80.5,1064.0,10.4
0.5,12.0,7.0,0.0,80.5,909.0,22.2
0.5,12.0,7.0,0.0,80.5,861.4,30.2
1.27,28.4,8.3,0.25,61.780000000000015,1456.8,3.0
1.27,28.4,8.3,0.25,61.780000000000015,1047.6,24.6
1.27,28.4,8.3,0.25,61.780000000000015,962.5,47.4
1.27,28.4,8.3,0.25,61.780000000000015,884.5,55.7
0.8,31.52,8.73,0.0,58.95,764.8,57.8
0.8,31.52,8.73,0.0,58.95,749.2,61.8
0.8,31.52,8.73,0.0,58.95,844.2,52.1
0.8,31.52,8.73,0.0,58.95,895.6,46.2
0.6,21.59,0.0,0.0,77.81,857.0,65.5
0.63,21.78,2.97,0.0,74.62,675.2,80.4
0.6,22.0,5.86,0.0,71.54,690.4,48.2
0.86,22.8,8.48,0.0,67.86,757.3,62.8
0.38,27.8,8.59,0.35,62.88,567.7,39.8
1.01,27.95,8.65,0.54,61.849999999999994,822.0,59.8
0.6,20.15,9.22,0.0,70.03,875.0,31.0
0.6,20.15,9.22,0.0,70.03,830.0,36.0
0.6,20.15,9.22,0.0,70.03,806.0,39.0
0.6,20.15,9.22,0.0,70.03,787.0,40.0
0.81,26.8,12.32,0.0,60.07,955.0,38.0
0.95,27.02,11.5,0.59,59.94,925.9,41.9
1.11,29.8,7.65,0.09,61.35,746.0,58.0
1.11,29.8,7.65,0.09,61.35,923.0,43.8
1.11,29.8,7.65,0.09,61.35,974.0,31.0
1.11,29.8,7.65,0.09,61.35,960.0,28.0
0.06,29.2,5.2,0.6,64.94,464.0,43.5
0.06,29.2,5.2,0.6,64.94,483.0,43.0
0.06,29.2,5.2,0.6,64.94,497.0,42.1
1.12,29.6,10.46,0.0,58.82,855.0,51.4
0.3,3.5,6.0,0.0,90.2,816.4,36.1
0.4,12.0,0.0,0.0,87.6,1137.0,34.6
0.002,31.1,0.0,0.0,68.898,532.0,52.3
0.27,28.5,0.0,0.0,71.23,797.0,59.3
0.62,24.5,0.0,0.0,74.88,1000.0,76.1
0.6,22.0,0.0,0.0,77.4,1074.0,69.1
0.6,18.0,1.2,0.0,80.2,995.0,58.5
0.75,17.59,1.7,0.52,79.44,1581.0,14.8
0.02,15.8,2.9,3.0,78.28,930.4,37.8
0.04,20.1,2.9,2.8,74.15999999999998,840.5,70.6
0.03,25.6,2.8,3.0,68.57000000000001,639.5,79.7
0.005,14.8,0.0,0.02,85.17500000000001,772.0,37.2
0.05,14.91,0.0,0.0,85.04,885.2,18.2
0.05,16.86,0.0,0.0,83.09,773.4,28.2
0.05,18.66,0.0,0.0,81.29,697.9,20.1
0.59,17.7,0.0,1.59,80.11999999999999,1249.0,58.0
0.004,29.99,1.98,4.06,63.965999999999994,650.0,70.0
0.004,29.99,1.98,4.06,63.965999999999994,748.0,47.0
0.004,29.99,1.98,4.06,63.965999999999994,834.0,31.0
0.004,29.99,1.98,4.06,63.965999999999994,1049.0,6.0
0.56,21.68,0.0,0.06,77.69999999999999,2122.6,2.7
0.56,21.68,0.0,0.06,77.69999999999999,1432.1,27.3
0.56,21.68,0.0,0.06,77.69999999999999,1293.7,43.6
0.56,21.68,0.0,0.06,77.69999999999999,1250.2,47.2
0.56,21.68,0.0,0.06,77.69999999999999,909.7,77.8
0.38,26.5,3.6,2.2,67.32000000000001,827.0,48.0
0.38,26.5,3.6,2.2,67.32000000000001,838.0,50.0
0.38,26.5,3.6,2.2,67.32000000000001,769.0,63.0
0.38,26.5,3.6,2.2,67.32000000000001,733.0,50.0
0.38,26.5,3.6,2.2,67.32000000000001,751.0,53.0
0.38,26.5,3.6,2.2,67.32000000000001,731.0,71.0
0.36,30.0,3.1,1.9,64.64,754.0,58.0
0.36,30.0,3.1,1.9,64.64,813.0,41.0
0.36,30.0,3.1,1.9,64.64,772.0,50.0
0.36,30.0,3.1,1.9,64.64,718.0,61.0
0.36,30.0,3.1,1.9,64.64,765.0,48.0
0.36,30.0,3.1,1.9,64.64,757.0,56.0
0.36,30.0,3.1,1.9,64.64,738.0,65.0
0.61,22.2,0.0,0.18,77.00999999999999,961.7,65.9
0.75,18.0,1.7,0.5,79.05,903.2,65.2
0.75,18.0,1.7,0.5,79.05,1088.9,53.1
0.75,18.0,1.7,0.5,79.05,1023.7,54.2
0.75,18.0,1.7,0.5,79.05,1089.4,43.9
0.75,18.0,1.7,0.5,79.05,1271.4,28.9
0.75,18.0,1.7,0.5,79.05,1354.8,19.4
0.75,18.0,1.7,0.5,79.05,1519.1,9.0
0.62,17.65,0.02,0.0,81.71,880.0,51.0
0.61,19.01,0.96,0.0,79.42,890.0,54.9
0.58,19.07,2.02,0.0,78.33,860.0,59.4
0.6,18.0,1.5,0.0,79.9,1649.2,3.4
0.6,18.0,1.5,0.0,79.9,1344.7,7.4
0.6,18.0,1.5,0.0,79.9,1191.0,12.8
0.6,18.0,1.5,0.0,79.9,1067.3,21.3
0.6,18.0,1.5,0.0,79.9,889.4,32.2
0.6,18.0,1.5,0.0,79.9,835.2,40.8
0.6,18.0,1.5,0.0,79.9,868.3,39.3
0.6,18.0,1.5,0.0,79.9,859.3,49.3
0.6,18.0,1.5,0.0,79.9,723.6,52.2
0.6,18.0,1.5,0.0,79.9,687.4,59.9
0.6,18.0,1.5,0.0,79.9,663.3,59.3
0.62,17.65,0.02,0.0,81.71,954.9,70.3
0.56,19.01,0.96,0.0,79.47,931.0,62.8
0.58,17.48,1.42,0.0,80.52,844.0,80.4
0.6,18.0,0.0,0.0,81.4,1124.0,59.4
0.6,18.0,1.5,0.0,79.9,966.0,57.3
0.6,18.0,2.5,0.0,78.9,890.0,56.2
0.0,31.0,3.0,3.0,63.0,825.0,39.8
0.0,31.0,3.0,3.0,63.0,724.0,56.5
0.0,31.0,3.0,3.0,63.0,648.0,63.1
0.0,31.0,3.0,3.0,63.0,575.0,70.0
0.0,31.0,3.0,3.0,63.0,519.0,76.3
0.0,31.0,3.0,3.0,63.0,776.5,45.8
0.0,31.0,3.0,3.0,63.0,689.3,63.7
0.0,31.0,3.0,3.0,63.0,595.4,81.6
0.7,15.0,2.0,2.0,80.3,1146.0,53.2
0.7,15.0,2.0,2.0,80.3,1101.2,50.7
0.7,15.0,2.0,2.0,80.3,955.5,62.4
0.7,15.0,2.0,2.0,80.3,834.0,61.9
0.7,15.0,2.0,2.0,80.3,773.4,63.7
0.62,17.65,0.01,0.01,81.70999999999998,1118.0,71.0
0.58,17.51,1.54,0.05,80.32,925.8,64.3
0.59,17.7,0.03,1.59,80.08999999999999,1164.0,64.6
0.31,22.28,0.0,0.12,77.28999999999999,820.8,45.4
0.53,17.88,0.0,0.08,81.51,982.3,55.9
0.32,16.8,1.47,0.03,81.38000000000001,702.0,55.0
0.51,15.45,1.3,0.03,82.71,593.0,58.0
0.47,22.38,0.0,0.17,76.98,938.2,51.2
0.32,21.75,1.26,0.04,76.63,738.0,57.0
0.4,21.83,1.5,0.16,76.11,591.0,41.5
0.53,15.44,1.9,0.11,82.02,962.0,49.7
0.6,16.85,1.14,0.06,81.35000000000001,979.0,56.9
0.68,18.84,1.49,0.05,78.94,830.0,68.5
0.71,23.5,0.01,0.06,75.72,953.5,63.4
0.0,30.0,0.0,0.0,70.0,487.09770776761553,45.06329812931589
0.5,30.0,0.0,0.0,69.5,754.2492699154765,55.426070234230586
0.6,22.0,0.0,0.0,77.4,821.378862522026,54.49630589513384
1.0,30.0,0.0,0.0,69.0,886.6154376955142,56.67446571994515
1.2,22.0,0.0,0.0,76.8,1069.2069887274117,56.517869565352164
1.2,12.0,0.0,0.0,86.8,1112.269164431163,56.517869565352164
0.95,17.0,0.0,0.0,82.05,1121.555658478345,54.18762207006325
0.59,16.42,0.0,3.0,79.99,963.0,40.6
0.96,13.08,0.0,1.23,84.73,904.0,40.9
0.02,16.2,1.8,4.0,77.98,1090.3,28.4
0.02,17.9,2.9,3.2,75.98,937.9,38.3
0.01,15.9,3.5,1.9,78.68999999999998,767.2,37.4
0.06,18.2,1.8,4.3,75.64,899.5,54.2
0.04,20.1,2.9,2.8,74.15999999999998,840.0,71.3
0.03,18.1,3.5,1.8,76.57000000000001,739.4,50.2
0.03,25.5,1.8,3.9,68.77,728.6,58.2
0.03,26.5,2.8,3.0,67.67,649.3,80.2
0.03,25.6,3.8,2.0,68.57000000000001,568.5,72.2
0.02,28.7,2.0,4.0,65.28,735.8,63.1
0.02,29.2,2.8,3.0,64.98,609.3,75.2
0.01,30.6,3.9,2.0,63.48999999999998,534.6,65.2
0.06,22.0,0.0,0.0,77.94,660.6987372263162,19.721736312181015
0.19,22.0,0.0,0.0,77.81,696.9786497449601,43.332941456034014
0.42,22.0,0.0,0.0,77.58,725.9095890716072,68.20276496988865
0.57,22.0,0.0,0.0,77.43,775.9009018957651,76.8267051433735
0.018,17.0,0.0,0.0,82.982,696.4,24.9
0.59,21.95,0.01,3.04,74.40999999999998,803.0,36.8
0.59,21.95,0.01,3.04,74.40999999999998,1191.0,46.7
0.59,21.95,0.01,3.04,74.40999999999998,1351.0,4.6
0.0,25.6,0.0,0.0,74.4,830.4,35.4
0.0,25.5,0.19,0.0,74.31,793.0,37.8
0.0,26.1,0.7,0.0,73.2,594.7,47.3
0.0,26.2,3.6,0.0,70.2,497.8,44.2
0.11,30.9,1.21,0.0,67.78000000000002,571.9,45.7
0.24,31.0,1.18,0.0,67.58,629.9,41.3
0.37,31.4,1.19,0.0,67.03999999999999,707.7,48.0
0.31,31.4,5.09,0.0,63.19999999999999,738.5,43.7
0.52,29.8,2.73,2.96,63.99,802.0,28.9
0.52,29.8,2.73,2.96,63.99,725.0,54.5
0.3,25.0,1.0,0.0,73.7,851.0,39.2
0.3,25.0,1.0,0.0,73.7,801.2,42.9
0.3,25.0,1.0,0.0,73.7,770.5,48.6
0.3,25.0,1.0,0.0,73.7,687.1,55.7
0.3,25.0,1.0,0.0,73.7,639.6,59.5
0.023,2.05,0.038,0.31,97.57900000000001,558.9898170945943,12.524411136734237
0.046,2.11,0.028,0.31,97.50599999999999,604.2318111638016,13.201587099917521
0.046,2.11,0.028,0.31,97.50599999999999,642.5272460403684,12.524411136734237
0.088,2.07,0.036,0.31,97.49600000000001,571.4330268137583,18.64907490217118
0.088,2.07,0.036,0.31,97.49600000000001,702.8082421635315,16.532497894273778
0.088,2.07,0.036,0.31,97.49600000000001,903.4896114888638,7.250818125421654
0.088,2.07,0.036,0.31,97.49600000000001,820.6588327679215,11.73949068544582
0.175,2.1,0.024,0.31,97.391,775.2379917198548,15.835396302985538
0.175,2.1,0.024,0.31,97.391,978.8847637246636,9.308065632633022
0.1,3.5,0.0,0.0,96.4,586.4948125527402,18.05731017232761
0.1,3.5,0.0,0.0,96.4,655.0692487169528,17.468496881387164
0.1,3.5,0.0,0.0,96.4,836.2922116042458,14.11083192672351
0.1,3.5,0.0,0.0,96.4,947.8136941424087,11.182187650653086
0.17,1.49,0.033,0.22,98.087,870.0,7.2
0.17,1.49,0.033,0.22,98.087,964.0,7.4
0.17,1.49,0.033,0.22,98.087,1037.0,7.1
0.17,1.49,0.033,0.22,98.087,1005.0,8.6
0.17,1.49,0.033,0.22,98.087,633.0,7.3
0.063,1.29,0.005,0.24,98.402,470.5239443854811,18.293661064781077
0.12,0.87,0.02,0.25,98.74,681.7638832415504,11.182187650653086
0.12,0.87,0.02,0.25,98.74,707.6550747528048,11.071061035570517
0.12,0.87,0.02,0.25,98.74,728.3131519960775,11.627807045887128
0.12,0.87,0.02,0.25,98.74,746.5046841962785,12.524411136734237
0.12,0.87,0.02,0.25,98.74,784.8220958735639,12.636991828835287
0.12,0.87,0.02,0.25,98.74,840.1370512605348,13.314845306682631
0.12,0.87,0.02,0.25,98.74,744.6112995129474,9.855974591717365
0.12,0.87,0.02,0.25,98.74,802.38427982222,10.296278510850776
0.12,0.87,0.02,0.25,98.74,808.2286347626766,9.7461735268082
0.12,0.87,0.02,0.25,98.74,838.9780853378104,10.849140907600718
0.12,0.87,0.02,0.25,98.74,880.4068077489886,10.517091807564771
0.12,0.87,0.02,0.25,98.74,907.4911825082143,11.516235034144785
0.12,0.87,0.02,0.25,98.74,815.6389085484941,8.871706669839874
0.12,0.87,0.02,0.25,98.74,855.8616496289079,8.545580982954903
0.12,0.87,0.02,0.25,98.74,878.2878690456503,9.41742837052104
0.12,0.87,0.02,0.25,98.74,909.3688340964552,9.636482208081688
0.12,0.87,0.02,0.25,98.74,972.4227811285867,9.41742837052104
0.12,0.87,0.02,0.25,98.74,992.2082108424361,9.855974591717365
0.1,1.0,0.0026,0.1,98.79740000000001,697.0,16.1
0.15,1.0,0.0026,0.1,98.7474,907.0,11.6
0.166,1.03,0.0,0.24,98.56400000000001,924.0,6.39
0.166,1.03,0.0,0.24,98.56400000000001,1069.0,5.87
0.166,1.03,0.0,0.24,98.56400000000001,691.0,8.09
0.166,1.03,0.0,0.24,98.56400000000001,835.0,5.94
0.166,1.03,0.0,0.24,98.56400000000001,892.0,5.34
0.17,1.63,0.036,0.28,97.884,665.0,10.6
0.17,1.63,0.036,0.28,97.884,893.0,11.3
0.17,1.63,0.036,0.28,97.884,1008.0,12.4
0.09,1.34,0.0,0.012,98.55799999999999,719.0711904785592,13.201587099917521
0.09,1.34,0.0,0.012,98.55799999999999,792.2963933543471,10.186037362101064
0.09,1.34,0.0,0.012,98.55799999999999,859.5467374636933,8.545580982954903
0.09,1.34,0.0,0.012,98.55799999999999,891.9963000046766,6.502683923130537
0.09,1.34,0.0,0.012,98.55799999999999,1004.8955300399638,4.289447875076324
0.172,1.387,0.0,0.252,98.18900000000001,559.3189144800285,12.636991828835287
0.11,2.132,0.0,0.639,97.119,730.4141687194126,9.52690052584655
0.15,1.7,0.0,0.5,97.64999999999999,893.1057037467014,10.849140907600718
0.15,1.7,0.0,0.5,97.64999999999999,1052.7649671145962,10.186037362101064
0.15,1.7,0.0,0.5,97.64999999999999,1122.9434374497903,5.97149957102876
0.052,1.61,0.033,0.77,97.535,507.8883287486616,17.93931187113906
0.11,1.6,0.06,0.73,97.5,725.044768322604,15.027379885722736
0.11,1.6,0.06,0.73,97.5,708.5269618500267,15.027379885722736
0.11,1.6,0.06,0.73,97.5,617.2443471331521,15.027379885722736
0.23,1.6,0.05,0.74,97.38000000000001,1352.0500826389452,8.871706669839874
0.23,1.6,0.05,0.74,97.38000000000001,1289.867099622968,5.127109637602412
0.23,1.6,0.05,0.74,97.38000000000001,1099.789556772049,6.9295478174600245
0.32,1.61,0.06,0.74,97.27000000000001,1960.1026287007915,5.759768373661123
0.32,1.61,0.06,0.74,97.27000000000001,1887.2048984134592,4.9170655324470625
0.32,1.61,0.06,0.74,97.27000000000001,1699.4969823682782,5.4429645119356
0.06,1.54,0.0,1.02,97.38,581.4,27.5
0.06,1.54,0.0,1.02,97.38,602.3,27.2
0.06,1.54,0.0,1.02,97.38,615.6,25.9
0.06,1.54,0.0,1.02,97.38,645.6,23.2
0.06,1.54,0.0,1.02,97.38,642.3,21.0
0.06,1.54,0.0,1.02,97.38,661.7,21.0
0.06,1.54,0.0,1.02,97.38,686.9,18.8
0.06,1.54,0.0,1.02,97.38,723.7,18.4
0.06,1.54,0.0,1.02,97.38,762.6,18.5
0.06,1.54,0.0,1.02,97.38,788.6,14.1
0.06,1.54,0.0,1.02,97.38,814.3,14.6
0.06,1.55,0.0,1.94,96.45,656.9,30.4
0.06,1.55,0.0,1.94,96.45,646.7,27.5
0.06,1.55,0.0,1.94,96.45,662.7,27.0
0.06,1.55,0.0,1.94,96.45,687.8,25.2
0.06,1.55,0.0,1.94,96.45,679.6,24.1
0.06,1.55,0.0,1.94,96.45,706.6,25.2
0.06,1.55,0.0,1.94,96.45,752.5,24.0
0.06,1.55,0.0,1.94,96.45,732.5,21.5
0.06,1.55,0.0,1.94,96.45,785.4,20.7
0.06,1.55,0.0,1.94,96.45,790.4,18.8
0.06,1.55,0.0,1.94,96.45,811.2,18.8
0.1,0.7,0.0,0.2,99.0,511.1,16.3
0.1,0.7,0.0,0.2,99.0,636.5,14.1
0.1,0.7,0.0,0.2,99.0,667.6,13.2
0.1,0.7,0.0,0.2,99.0,654.8,16.0
0.1,0.7,0.0,0.2,99.0,568.3,16.2
0.12,1.5,0.05,1.2,97.13,677.0,18.8
0.201,0.95,0.04,1.24,97.569,752.8,21.2
0.201,0.95,0.04,1.24,97.569,746.0,23.8
0.201,0.95,0.04,1.24,97.569,701.6,25.8
0.201,0.95,0.04,1.24,97.569,658.5,22.7
0.201,0.95,0.04,1.24,97.569,656.5,21.0
0.201,0.95,0.04,1.24,97.569,665.5,23.7
0.201,0.95,0.04,1.24,97.569,676.4,25.7
0.2,0.951,0.041,1.56,97.248,811.3,20.5
0.2,0.951,0.041,1.56,97.248,759.5,24.6
0.2,0.951,0.041,1.56,97.248,727.2,26.1
0.2,0.951,0.041,1.56,97.248,721.8,26.9
0.2,0.951,0.041,1.56,97.248,682.8,21.9
0.2,0.951,0.041,1.56,97.248,670.9,19.1
0.2,0.951,0.041,1.56,97.248,676.4,25.8
0.2,0.951,0.041,1.56,97.248,688.7,26.1
0.199,0.94,0.041,2.1,96.72000000000001,814.0,22.2
0.199,0.94,0.041,2.1,96.72000000000001,770.3,25.7
0.199,0.94,0.041,2.1,96.72000000000001,752.8,28.2
0.199,0.94,0.041,2.1,96.72000000000001,740.0,28.7
0.199,0.94,0.041,2.1,96.72000000000001,717.8,23.6
0.199,0.94,0.041,2.1,96.72000000000001,670.9,19.1
0.199,0.94,0.041,2.1,96.72000000000001,699.6,26.3
0.199,0.94,0.041,2.1,96.72000000000001,702.3,28.0
0.203,1.25,0.042,1.24,97.265,853.0,19.2
0.203,1.25,0.042,1.24,97.265,767.1,22.2
0.203,1.25,0.042,1.24,97.265,751.3,25.1
0.203,1.25,0.042,1.24,97.265,691.2,26.4
0.203,1.25,0.042,1.24,97.265,687.6,23.6
0.203,1.25,0.042,1.24,97.265,655.0,17.9
0.203,1.25,0.042,1.24,97.265,683.4,22.4
0.203,1.25,0.042,1.24,97.265,688.9,26.2
0.203,1.25,0.042,1.24,97.265,707.9,26.7
0.195,1.55,0.04,1.21,97.00500000000001,899.6,19.9
0.195,1.55,0.04,1.21,97.00500000000001,831.1,23.7
0.195,1.55,0.04,1.21,97.00500000000001,797.3,26.1
0.195,1.55,0.04,1.21,97.00500000000001,763.5,26.6
0.195,1.55,0.04,1.21,97.00500000000001,764.2,22.4
0.195,1.55,0.04,1.21,97.00500000000001,764.9,15.9
0.195,1.55,0.04,1.21,97.00500000000001,1102.9,6.4
0.195,1.55,0.04,1.21,97.00500000000001,1057.6,6.3
0.195,1.55,0.04,1.21,97.00500000000001,1039.1,6.7
0.195,1.55,0.04,1.21,97.00500000000001,1009.2,7.2
0.195,1.55,0.04,1.21,97.00500000000001,1059.7,6.5
0.195,1.55,0.04,1.21,97.00500000000001,1467.2,6.3
0.195,1.55,0.04,1.21,97.00500000000001,1448.6,5.6
0.195,1.55,0.04,1.21,97.00500000000001,1430.2,5.3
0.195,1.55,0.04,1.21,97.00500000000001,1434.8,5.2
0.195,1.55,0.04,1.21,97.00500000000001,1427.9,5.3
0.195,1.55,0.04,1.21,97.00500000000001,846.1,20.6
0.195,1.55,0.04,1.21,97.00500000000001,783.4,23.4
0.195,1.55,0.04,1.21,97.00500000000001,762.1,26.8
0.195,1.55,0.04,1.21,97.00500000000001,747.0,28.7
0.195,1.55,0.04,1.21,97.00500000000001,768.6,25.7
0.195,1.55,0.04,1.21,97.00500000000001,697.0,22.1
0.195,1.55,0.04,1.21,97.00500000000001,724.8,26.4
0.195,1.55,0.04,1.21,97.00500000000001,777.7,25.6
0.195,1.55,0.04,1.21,97.00500000000001,770.3,23.8
0.201,1.8,0.041,1.24,96.71800000000002,865.2,19.8
0.201,1.8,0.041,1.24,96.71800000000002,803.8,23.9
0.201,1.8,0.041,1.24,96.71800000000002,800.2,26.0
0.201,1.8,0.041,1.24,96.71800000000002,817.8,27.4
0.201,1.8,0.041,1.24,96.71800000000002,853.0,24.1
0.201,1.8,0.041,1.24,96.71800000000002,787.9,24.7
0.201,1.8,0.041,1.24,96.71800000000002,815.7,27.9
0.201,1.8,0.041,1.24,96.71800000000002,839.5,22.9
0.201,1.8,0.041,1.24,96.71800000000002,859.2,22.6
0.115,1.54,0.91,0.02,97.415,840.0,17.4
0.115,1.54,0.91,0.02,97.415,544.0,20.6
0.115,1.54,0.91,0.02,97.415,543.0,20.2
0.115,1.54,0.91,0.02,97.415,544.0,20.6
0.183,1.56,1.73,0.02,96.50699999999999,986.0,14.3
0.183,1.56,1.73,0.02,96.50699999999999,633.0,24.4
0.183,1.56,1.73,0.02,96.50699999999999,623.0,26.3
0.183,1.56,1.73,0.02,96.50699999999999,635.0,27.1
0.15,1.4,0.0,0.26,98.18999999999998,470.0,14.6
0.17,1.41,0.0,1.07,97.35000000000001,630.0,17.8
0.15,1.41,0.0,1.24,97.2,628.0,19.5
0.15,1.4,0.0,1.44,97.00999999999999,650.0,23.5
0.16,1.4,0.0,1.71,96.73,645.0,18.0
0.16,1.39,0.0,1.96,96.49000000000001,600.0,17.4
0.17,2.07,0.0,0.57,97.19000000000001,1271.0,6.4
0.17,2.07,0.0,0.57,97.19000000000001,1196.0,10.0
0.17,2.07,0.0,0.57,97.19000000000001,1024.0,12.0
0.15,1.5,0.04,1.5,96.80999999999999,754.1396008740082,22.62981534562105
0.15,1.5,0.04,1.5,96.80999999999999,748.0650413990468,17.7036689688467
0.15,1.5,0.04,1.5,96.80999999999999,1004.2785621748897,8.545580982954903
0.15,1.5,0.04,1.5,96.80999999999999,959.2642065751305,10.960045491558246
0.31,1.57,0.009,1.51,96.601,944.9288857395952,28.27420330698114
0.31,1.57,0.009,1.51,96.601,972.0461096511793,15.951289636297394
0.46,1.54,0.05,1.49,96.46000000000001,1238.3389520520418,25.23227161918644
0.46,1.54,0.05,1.49,96.46000000000001,1251.5637000851038,19.482532123480077
0.11,1.53,0.04,1.5,96.82,674.115790288482,24.60767305873808
0.12,1.51,0.04,0.78,97.54999999999998,635.4980488406268,23.367805995674317
0.11,1.55,1.5,0.06,96.78,581.0236097248344,24.60767305873808
0.15,1.52,0.048,0.64,97.642,802.7,15.4
0.15,1.52,0.048,0.64,97.642,787.6,18.3
0.15,1.52,0.048,0.64,97.642,778.8,18.9
0.15,1.52,0.048,0.64,97.642,754.6,18.9
0.15,1.52,0.048,0.64,97.642,742.7,19.6
0.15,1.52,0.048,0.64,97.642,746.0,18.8
0.15,1.52,0.048,0.64,97.642,726.8,20.5
0.15,1.52,0.048,0.64,97.642,735.8,20.8
0.15,1.52,0.048,0.64,97.642,739.8,19.7
0.15,1.52,0.048,0.64,97.642,726.9,20.8
0.15,1.52,0.048,0.64,97.642,751.9,18.6
0.15,1.52,0.048,0.64,97.642,760.8,19.8
0.15,1.52,0.048,0.64,97.642,745.4,20.4
0.15,1.52,0.048,0.64,97.642,747.7,19.0
0.15,1.52,0.048,0.64,97.642,741.2,16.8
0.16,1.47,0.046,1.42,96.904,756.0,22.7
0.16,1.47,0.046,1.42,96.904,760.0,20.8
0.16,1.47,0.046,1.42,96.904,773.0,19.7
0.16,1.47,0.046,1.42,96.904,754.0,14.6
0.16,1.47,0.046,1.42,96.904,725.0,13.3
0.16,2.52,0.055,1.41,95.855,1193.0,14.5
0.16,2.52,0.055,1.41,95.855,1155.0,13.6
0.16,2.52,0.055,1.41,95.855,1163.0,13.6
0.16,2.52,0.055,1.41,95.855,1136.0,13.4
0.16,2.52,0.055,1.41,95.855,1166.0,13.8
0.15,2.55,0.047,1.0,96.253,1055.0,14.2
0.15,2.55,0.047,1.0,96.253,968.0,16.3
0.15,2.55,0.047,1.0,96.253,998.0,15.7
0.15,2.55,0.047,1.0,96.253,960.0,15.4
0.15,2.55,0.047,1.0,96.253,1004.0,15.3
0.32,1.42,0.0,1.56,96.7,1135.2657039777353,13.54170177814864
0.32,1.42,0.0,1.56,96.7,1049.9454349225743,23.24449985302548
0.32,1.42,0.0,1.56,96.7,959.1399348435361,21.045945208129947
0.32,1.42,0.0,1.56,96.7,1256.9650684945825,10.186037362101064
0.32,1.42,0.0,1.56,96.7,1071.3785445145002,19.005556582036263
0.32,1.42,0.0,1.56,96.7,1019.81410390066,18.64907490217118
0.32,1.42,0.0,1.56,96.7,1204.6414219262817,10.73834717279334
0.32,1.42,0.0,1.56,96.7,1285.1351168058154,8.004207639260041
0.32,1.42,0.0,1.56,96.7,1415.2956614141217,7.680680549621988
0.32,2.65,0.0,0.95,96.08,961.9528608501538,26.617431016687988
0.32,2.65,0.0,0.95,96.08,1076.2386562356244,30.082671895172417
0.32,2.65,0.0,0.95,96.08,968.1837566756237,21.774404070590837
0.11,1.55,1.5,0.059,96.781,540.9475905927518,22.507246824749917
0.11,1.55,1.5,0.059,96.781,545.0607052718375,23.986189696606175
0.11,1.55,1.5,0.059,96.781,552.6530750033648,25.23227161918644
0.11,1.55,1.5,0.059,96.781,564.9673547763631,22.998257178075264
0.11,1.55,1.5,0.059,96.781,566.2651360215914,24.35870676190619
0.11,1.55,1.5,0.059,96.781,578.7230704947509,24.982057373598398
0.11,1.55,1.5,0.059,96.781,575.3526977896388,23.367805995674317
0.11,1.55,1.5,0.059,96.781,586.9856834091561,22.507246824749917
0.11,1.55,1.5,0.059,96.781,583.0674304317256,21.409628295623296
0.11,1.55,1.5,0.059,96.781,594.3741650908568,23.491235506139454
0.11,1.55,1.5,0.059,96.781,598.3102903201833,23.61478850785035
0.11,1.55,1.5,0.059,96.781,604.9048687065416,23.738465124360065
0.11,1.55,1.5,0.059,96.781,616.5303774849243,23.367805995674317
0.11,1.53,0.043,1.5,96.817,679.2692009173448,23.986189696606175
0.11,1.53,0.043,1.5,96.817,673.286220624403,22.384800811135808
0.11,1.53,0.043,1.5,96.817,678.3831465907087,22.62981534562105
0.11,1.53,0.043,1.5,96.817,682.2671274945596,22.75250649631777
0.11,1.53,0.043,1.5,96.817,695.9900468371538,22.875320399531198
0.11,1.53,0.043,1.5,96.817,703.4250086529283,23.367805995674317
0.11,1.53,0.043,1.5,96.817,684.6744964537356,22.262477182332717
0.11,1.53,0.043,1.5,96.817,683.092167017573,21.652690533431617
0.11,1.53,0.043,1.5,96.817,684.6745781006998,21.16705169649005
0.11,1.53,0.043,1.5,96.817,680.4402939498349,20.20158230963014
0.11,1.53,0.043,1.5,96.817,696.7479026849574,20.80409524829019
0.11,1.53,0.043,1.5,96.817,696.0515030401281,20.92495976572515
0.11,1.53,0.043,1.5,96.817,719.4594969406993,20.562728504992478
0.11,1.53,0.043,1.5,96.817,700.6567436947157,19.602074416788362
0.11,1.53,0.043,1.5,96.817,700.4752063513423,19.961419387986833
0.115,1.51,0.38,0.49,97.50500000000001,626.0329327695986,19.482532123480077
0.115,1.51,0.38,0.49,97.50500000000001,631.8915297340199,19.482532123480077
0.115,1.51,0.38,0.49,97.50500000000001,641.9675436400304,20.44222603776298
0.115,1.51,0.38,0.49,97.50500000000001,667.7557872966203,21.16705169649005
0.115,1.51,0.38,0.49,97.50500000000001,693.4303276496821,19.363109312713878
0.115,1.51,0.38,0.49,97.50500000000001,711.7104925445797,17.35108709918103
0.128,1.56,0.515,0.005,97.792,534.2578229457957,17.93931187113906
0.128,1.56,0.515,0.005,97.792,548.8883296776073,18.530485132036546
0.128,1.56,0.515,0.005,97.792,576.0858648103543,19.721736312181015
0.128,1.56,0.515,0.005,97.792,590.1435392091704,18.530485132036546
0.128,1.56,0.515,0.005,97.792,595.4105764392209,20.92495976572515
0.128,1.56,0.515,0.005,97.792,624.3963307629837,18.530485132036546
0.2,3.0,0.06,1.6,95.14,1187.0,13.0
0.2,3.0,0.06,1.6,95.14,1069.0,16.0
0.2,3.0,0.06,1.6,95.14,985.0,17.0
0.2,3.0,0.06,1.6,95.14,1083.0,13.0
0.2,3.0,0.06,1.6,95.14,1029.0,13.0
0.2,3.0,0.06,1.6,95.14,1033.0,15.0
0.2,3.0,0.06,1.6,95.14,1087.0,14.0
0.2,3.0,0.06,1.6,95.14,1174.0,14.0
0.2,3.0,0.06,1.6,95.14,1011.0,15.0
0.2,3.0,0.06,1.6,95.14,1047.0,16.0
0.2,3.0,0.06,1.6,95.14,1107.0,15.0
0.2,3.0,0.06,1.6,95.14,1136.0,12.0
0.2,3.0,0.06,1.6,95.14,1432.0,7.0
0.2,3.0,0.06,1.6,95.14,1410.0,5.0
0.2,3.0,0.06,1.6,95.14,1371.0,6.0
0.2,3.0,0.06,1.6,95.14,1398.0,5.0
0.2,3.0,0.06,1.6,95.14,1445.0,9.0
0.2,3.0,0.06,1.6,95.14,1382.0,7.0
0.2,3.0,0.06,1.6,95.14,1362.0,8.0
0.2,3.0,0.06,1.6,95.14,1356.0,8.0
0.2,3.0,0.06,1.6,95.14,1445.0,9.0
0.2,3.0,0.06,1.6,95.14,1373.0,10.0
0.2,3.0,0.06,1.6,95.14,1318.0,10.0
0.2,3.0,0.06,1.6,95.14,1342.0,10.0
0.2,3.0,0.06,1.6,95.14,1458.0,9.0
0.2,3.0,0.06,1.6,95.14,1271.0,10.0
0.2,3.0,0.06,1.6,95.14,1228.0,10.0
0.2,3.0,0.06,1.6,95.14,1359.0,11.0
0.29,2.95,0.06,1.59,95.10999999999999,873.0,12.0
0.29,2.95,0.06,1.59,95.10999999999999,908.0,11.0
0.29,2.95,0.06,1.59,95.10999999999999,865.0,12.0
0.29,2.95,0.06,1.59,95.10999999999999,910.0,12.0
0.29,2.95,0.06,1.59,95.10999999999999,880.0,12.0
0.29,2.95,0.06,1.59,95.10999999999999,877.0,12.0
0.29,2.95,0.06,1.59,95.10999999999999,874.0,12.0
0.29,2.95,0.06,1.59,95.10999999999999,883.0,12.0
0.29,2.95,0.06,1.59,95.10999999999999,881.0,12.0
0.29,2.95,0.06,1.59,95.10999999999999,888.0,12.0
0.29,2.95,0.06,1.59,95.10999999999999,891.0,12.0
0.29,2.95,0.06,1.59,95.10999999999999,874.0,13.0
0.29,2.95,0.06,1.59,95.10999999999999,1648.0,9.0
0.29,2.95,0.06,1.59,95.10999999999999,1548.0,11.0
0.29,2.95,0.06,1.59,95.10999999999999,1492.0,15.0
0.29,2.95,0.06,1.59,95.10999999999999,1501.0,13.0
0.29,2.95,0.06,1.59,95.10999999999999,1632.0,10.0
0.29,2.95,0.06,1.59,95.10999999999999,1535.0,11.0
0.29,2.95,0.06,1.59,95.10999999999999,1495.0,15.0
0.29,2.95,0.06,1.59,95.10999999999999,1520.0,14.0
0.29,2.95,0.06,1.59,95.10999999999999,1709.0,8.0
0.29,2.95,0.06,1.59,95.10999999999999,1558.0,12.0
0.29,2.95,0.06,1.59,95.10999999999999,1489.0,15.0
0.29,2.95,0.06,1.59,95.10999999999999,1419.0,4.0
0.29,2.95,0.06,1.59,95.10999999999999,1571.0,2.0
0.29,2.95,0.06,1.59,95.10999999999999,1452.0,3.0
0.29,2.95,0.06,1.59,95.10999999999999,1543.0,10.0
0.29,2.95,0.06,1.59,95.10999999999999,1645.0,11.0
0.28,4.95,0.06,1.64,93.07,1132.0,9.0
0.28,4.95,0.06,1.64,93.07,1165.0,10.0
0.28,4.95,0.06,1.64,93.07,1151.0,4.0
0.28,4.95,0.06,1.64,93.07,1153.0,9.0
0.28,4.95,0.06,1.64,93.07,1118.0,9.0
0.28,4.95,0.06,1.64,93.07,1135.0,9.0
0.28,4.95,0.06,1.64,93.07,1113.0,11.0
0.28,4.95,0.06,1.64,93.07,1174.0,6.0
0.28,4.95,0.06,1.64,93.07,1145.0,8.0
0.28,4.95,0.06,1.64,93.07,1150.0,8.0
0.28,4.95,0.06,1.64,93.07,1124.0,10.0
0.28,4.95,0.06,1.64,93.07,1177.0,9.0
0.28,4.95,0.06,1.64,93.07,1244.0,0.9
0.28,4.95,0.06,1.64,93.07,958.0,0.6
0.28,4.95,0.06,1.64,93.07,1244.0,0.6
0.28,4.95,0.06,1.64,93.07,1195.0,0.8
0.28,4.95,0.06,1.64,93.07,690.0,0.4
0.28,4.95,0.06,1.64,93.07,971.0,0.6
0.28,4.95,0.06,1.64,93.07,837.0,0.5
0.28,4.95,0.06,1.64,93.07,1276.0,0.8
0.28,4.95,0.06,1.64,93.07,1629.0,9.5
0.28,4.95,0.06,1.64,93.07,1541.0,11.3
0.28,4.95,0.06,1.64,93.07,1153.0,1.2
0.28,4.95,0.06,1.64,93.07,1362.0,1.0
0.17,1.65,1.11,0.38,96.69,1044.6,11.1
0.17,1.65,1.11,0.38,96.69,988.0,8.9
0.17,1.65,1.11,0.38,96.69,964.3,14.5
0.17,1.65,1.11,0.38,96.69,912.5,15.2
0.17,1.65,1.11,0.38,96.69,986.3,10.6
0.17,1.65,1.11,0.38,96.69,866.5,14.4
0.17,1.65,1.11,0.38,96.69,807.9,19.5
0.17,1.65,1.11,0.38,96.69,784.3,19.8
0.17,1.65,1.11,0.38,96.69,940.6,14.7
0.17,1.65,1.11,0.38,96.69,817.9,20.8
0.17,1.65,1.11,0.38,96.69,821.5,22.1
0.17,1.65,1.11,0.38,96.69,811.5,21.1
0.17,1.65,1.11,0.38,96.69,903.0,12.5
0.17,1.65,1.11,0.38,96.69,777.0,19.1
0.17,1.65,1.11,0.38,96.69,809.0,21.8
0.17,1.65,1.11,0.38,96.69,961.0,8.8
0.17,1.65,1.11,0.38,96.69,868.0,14.4
0.17,1.65,1.11,0.38,96.69,818.0,20.9
0.17,1.65,1.11,0.38,96.69,1102.0,6.7
0.17,1.65,1.11,0.38,96.69,1084.0,7.3
0.17,1.65,1.11,0.38,96.69,995.0,5.9
0.17,1.65,1.11,0.38,96.69,793.0,21.5
0.17,1.65,1.11,0.38,96.69,772.0,22.6
0.19,1.59,0.036,1.63,96.554,1229.0,10.5
0.19,1.59,0.036,1.63,96.554,1045.0,16.1
0.19,1.59,0.036,1.63,96.554,953.0,21.0
0.19,1.59,0.036,1.63,96.554,877.0,25.6
0.19,1.59,0.036,1.63,96.554,806.0,30.9
0.19,1.59,0.036,1.63,96.554,1058.0,15.3
0.19,1.59,0.036,1.63,96.554,957.0,20.0
0.19,1.59,0.036,1.63,96.554,869.0,25.9
0.19,1.59,0.036,1.63,96.554,808.0,30.0
0.19,1.59,0.036,1.63,96.554,1569.0,7.3
0.19,1.59,0.036,1.63,96.554,1589.0,6.8
0.19,1.59,0.036,1.63,96.554,1424.0,8.5
0.19,1.59,0.036,1.63,96.554,1408.0,8.7
0.19,1.59,0.036,1.63,96.554,1400.0,7.8
0.19,1.59,0.036,1.63,96.554,1334.0,9.4
0.19,1.59,0.036,1.63,96.554,1432.0,8.4
0.19,1.59,0.036,1.63,96.554,1424.0,7.4
0.19,1.59,0.036,1.63,96.554,1390.0,8.5
0.19,1.59,0.036,1.63,96.554,1331.0,9.0
0.19,1.59,0.036,1.63,96.554,1384.0,8.4
0.19,1.59,0.036,1.63,96.554,1384.0,8.6
0.19,1.59,0.036,1.63,96.554,1370.0,8.6
0.19,1.59,0.036,1.63,96.554,1304.0,10.0
0.19,1.59,0.036,1.63,96.554,1210.0,14.0
0.19,1.59,0.036,1.63,96.554,1393.0,8.7
0.19,1.59,0.036,1.63,96.554,1368.0,8.9
0.19,1.59,0.036,1.63,96.554,1338.0,9.0
0.19,1.59,0.036,1.63,96.554,1241.0,10.7
0.19,1.59,0.036,1.63,96.554,1147.0,14.2
0.19,1.59,0.036,1.63,96.554,1219.0,7.7
0.19,1.59,0.036,1.63,96.554,1179.0,14.9
0.19,1.59,0.036,1.63,96.554,1081.0,17.3
0.19,1.59,0.036,1.63,96.554,893.0,19.4
0.19,1.59,0.036,1.63,96.554,1072.0,15.8
0.19,1.59,0.036,1.63,96.554,980.0,20.5
0.19,1.59,0.036,1.63,96.554,904.0,24.8
0.19,1.59,0.036,1.63,96.554,859.0,23.6
0.19,1.59,0.036,1.63,96.554,1022.0,19.4
0.19,1.59,0.036,1.63,96.554,951.0,22.7
0.19,1.59,0.036,1.63,96.554,1245.0,12.7
0.19,1.59,0.036,1.63,96.554,1178.0,13.6
0.19,1.59,0.036,1.63,96.554,1082.0,14.8
0.19,1.59,0.036,1.63,96.554,989.0,14.6
0.19,1.59,0.036,1.63,96.554,1179.0,9.9
0.19,1.59,0.036,1.63,96.554,1157.0,9.2
0.19,1.59,0.036,1.63,96.554,1135.0,8.5
0.19,1.59,0.036,1.63,96.554,1097.0,9.9
0.19,1.59,0.036,1.63,96.554,1186.0,12.5
0.19,1.59,0.036,1.63,96.554,1138.0,9.9
0.19,1.59,0.036,1.63,96.554,1118.0,10.1
0.19,1.59,0.036,1.63,96.554,1071.0,10.2
0.19,1.59,0.036,1.63,96.554,1186.0,11.7
0.19,1.59,0.036,1.63,96.554,1088.0,11.8
0.19,1.59,0.036,1.63,96.554,1086.0,11.3
0.19,1.59,0.036,1.63,96.554,1058.0,11.6
0.19,1.59,0.036,1.63,96.554,1182.0,12.7
0.19,1.59,0.036,1.63,96.554,1088.0,13.8
0.19,1.59,0.036,1.63,96.554,1045.0,10.6
0.19,1.59,0.036,1.63,96.554,1009.0,14.4
0.19,1.59,0.036,1.63,96.554,1033.0,20.0
0.19,1.59,0.036,1.63,96.554,991.0,21.5
0.19,1.59,0.036,1.63,96.554,975.0,21.7
0.19,1.59,0.036,1.63,96.554,944.0,12.9
0.19,1.59,0.036,1.63,96.554,1785.0,3.9
0.19,1.59,0.036,1.63,96.554,1385.0,7.3
0.19,1.59,0.036,1.63,96.554,1249.0,8.1
0.19,1.59,0.036,1.63,96.554,1143.0,8.9
0.19,1.59,0.036,1.63,96.554,1155.0,7.4
0.19,1.59,0.036,1.63,96.554,1510.0,6.1
0.19,1.59,0.036,1.63,96.554,1463.0,5.2
0.19,1.59,0.036,1.63,96.554,1440.0,4.1
0.19,1.59,0.036,1.63,96.554,1443.0,3.1
0.19,1.59,0.036,1.63,96.554,1407.0,5.3
0.19,1.59,0.036,1.63,96.554,1410.0,4.0
0.19,1.59,0.036,1.63,96.554,1398.0,2.9
0.19,1.59,0.036,1.63,96.554,1351.0,3.3
0.19,1.59,0.036,1.63,96.554,1362.0,3.8
0.19,1.59,0.036,1.63,96.554,1342.0,4.1
0.19,1.59,0.036,1.63,96.554,1307.0,5.2
0.19,1.59,0.036,1.63,96.554,1192.0,5.9
0.19,1.59,0.036,1.63,96.554,1483.0,4.7
0.19,1.59,0.036,1.63,96.554,1446.0,3.7
0.19,1.59,0.036,1.63,96.554,1424.0,3.3
0.19,1.59,0.036,1.63,96.554,1388.0,4.5
0.19,1.59,0.036,1.63,96.554,1380.0,2.5
0.19,1.59,0.036,1.63,96.554,1368.0,2.7
0.19,1.59,0.036,1.63,96.554,1366.0,2.6
0.19,1.59,0.036,1.63,96.554,1309.0,2.9
0.19,1.59,0.036,1.63,96.554,1248.0,5.2
0.18,2.7,0.0,1.7,95.41999999999999,1232.0,11.5
0.28,2.56,0.049,1.56,95.55099999999999,1590.8269579699854,8.654180854823812
0.2,2.0,0.0,1.5,96.3,1060.0,16.4
0.2,2.0,0.0,1.5,96.3,1057.0,10.4
0.29,3.0,0.0,1.4,95.30999999999999,1433.0,8.8
0.29,3.0,0.0,1.4,95.30999999999999,1409.0,11.2
0.29,3.0,0.0,1.4,95.30999999999999,1408.0,10.9
0.29,3.0,0.0,1.4,95.30999999999999,1397.0,10.4
0.29,3.0,0.0,1.4,95.30999999999999,1442.0,10.7
0.28,4.08,0.0,1.42,94.22,1510.6,15.2
0.28,4.08,0.0,1.42,94.22,1536.2,15.3
0.28,4.08,0.0,1.42,94.22,1396.3,9.8
0.2,1.8,0.036,1.51,96.454,1007.0,17.3
0.22,1.8,0.0,1.4,96.58,1037.5,17.0
0.002,0.15,0.058,0.002,99.788,296.0,24.4
0.002,0.17,0.0,0.01,99.818,265.0,29.0
0.002,0.17,0.0,0.01,99.818,294.2,32.3
0.002,0.17,0.0,0.01,99.818,321.9,28.4
0.002,0.17,0.0,0.01,99.818,350.9,26.5
0.002,0.17,0.0,0.01,99.818,627.1,0.6
0.002,0.17,0.0,0.01,99.818,828.2,5.0
0.002,0.17,0.0,0.01,99.818,909.1,1.5
0.01,0.0,0.0,0.0,99.99,206.0,37.6
0.01,0.0,0.0,0.0,99.99,296.0,35.7
0.01,0.0,0.0,1.0,98.99,294.0,34.0
0.01,0.0,0.0,1.0,98.99,393.0,29.0
0.0,0.0,0.0,0.0,100.0,214.8,43.5
0.0,0.0,0.0,0.0,100.0,250.8,42.5
0.0,0.0,0.0,0.0,100.0,269.7,40.0
0.0,0.0,0.0,0.0,100.0,283.5,40.0
0.0,0.0,0.0,0.0,100.0,230.8,27.0
0.0,0.0,0.0,0.0,100.0,724.4,0.6
0.0,0.0,0.0,0.0,100.0,839.7,0.5
0.0,0.0,0.0,0.0,100.0,483.9,20.3
0.0,0.0,0.0,0.0,100.0,886.1,0.8
0.01,0.0,0.0,0.98,99.00999999999999,303.7,37.7
0.01,0.0,0.0,0.98,99.00999999999999,327.6,37.7
0.01,0.0,0.0,0.98,99.00999999999999,350.6,35.9
0.01,0.0,0.0,0.98,99.00999999999999,355.5,36.6
0.01,0.0,0.0,0.98,99.00999999999999,362.6,34.8
0.01,0.0,0.0,1.92,98.07,378.9,37.0
0.01,0.0,0.0,1.92,98.07,416.2,33.4
0.01,0.0,0.0,1.92,98.07,420.6,33.1
0.01,0.0,0.0,1.92,98.07,434.9,31.3
0.01,0.0,0.0,1.92,98.07,459.6,29.5
0.0,30.0,0.0,0.0,70.0,551.0,31.6
0.0,32.6,0.0,0.0,67.4,446.0,41.3
0.0,33.0,0.0,3.96,63.04,724.0,45.8
0.78,0.03,0.0,0.03,99.16,761.2,13.1
0.78,0.03,0.0,0.03,99.16,1060.0,7.7
0.78,0.03,0.0,0.03,99.16,1209.0,1.8
0.78,0.03,0.0,0.03,99.16,1347.0,2.2
0.78,0.03,0.0,0.03,99.16,1524.0,1.6
0.78,0.03,0.0,0.03,99.16,1533.3,1.5
0.78,0.03,0.0,0.03,99.16,870.5,0.3
0.78,0.03,0.0,0.03,99.16,706.1,3.4
0.78,0.03,0.0,0.03,99.16,568.2,18.8
0.78,0.03,0.0,0.03,99.16,1351.6,5.1
0.78,0.03,0.0,0.03,99.16,1220.4,0.4
0.78,0.03,0.0,0.03,99.16,1150.6,0.2
0.82,0.97,0.0,0.03,98.18,999.8,11.9
0.82,0.97,0.0,0.03,98.18,1118.0,5.8
0.82,0.97,0.0,0.03,98.18,1272.0,3.1
0.82,0.97,0.0,0.03,98.18,1530.0,1.3
0.82,0.97,0.0,0.03,98.18,1915.2,1.5
0.82,0.97,0.0,0.03,98.18,1188.6,2.6
0.82,0.97,0.0,0.03,98.18,1013.6,2.6
0.82,0.97,0.0,0.03,98.18,790.9,12.8
0.82,0.97,0.0,0.03,98.18,1705.8,6.4
0.82,0.97,0.0,0.03,98.18,1584.9,4.6
0.82,0.97,0.0,0.03,98.18,1405.8,4.3
0.77,1.96,0.0,0.03,97.24000000000001,1143.2,9.5
0.77,1.96,0.0,0.03,97.24000000000001,1883.3,1.7
0.77,1.96,0.0,0.03,97.24000000000001,1268.2,7.6
0.77,1.96,0.0,0.03,97.24000000000001,1087.9,8.1
0.77,1.96,0.0,0.03,97.24000000000001,849.2,11.0
0.77,1.96,0.0,0.03,97.24000000000001,1794.3,6.6
0.77,1.96,0.0,0.03,97.24000000000001,1673.5,5.3
0.77,1.96,0.0,0.03,97.24000000000001,1504.8,5.9
0.8,0.03,0.0,0.99,98.18,1059.8,14.4
0.8,0.03,0.0,0.99,98.18,1244.0,2.7
0.8,0.03,0.0,0.99,98.18,1370.0,2.2
0.8,0.03,0.0,0.99,98.18,1519.0,2.6
0.8,0.03,0.0,0.99,98.18,1920.5,2.0
0.8,0.03,0.0,0.99,98.18,1162.1,9.2
0.8,0.03,0.0,0.99,98.18,976.5,11.2
0.8,0.03,0.0,0.99,98.18,817.4,18.9
0.8,0.03,0.0,0.99,98.18,1752.6,4.1
0.8,0.03,0.0,0.99,98.18,1631.8,5.4
0.8,0.03,0.0,0.99,98.18,1405.8,4.4
0.82,0.03,0.0,2.01,97.14,1104.4,14.6
0.82,0.03,0.0,2.01,97.14,2010.6,1.9
0.82,0.03,0.0,2.01,97.14,1188.6,10.3
0.82,0.03,0.0,2.01,97.14,1050.8,12.5
0.82,0.03,0.0,2.01,97.14,859.8,17.1
0.82,0.03,0.0,2.01,97.14,1929.7,6.1
0.82,0.03,0.0,2.01,97.14,1840.1,7.3
0.82,0.03,0.0,2.01,97.14,1577.7,5.5
0.79,2.0,0.0,1.0,96.21,1182.0,11.4
0.79,2.0,0.0,1.0,96.21,1936.4,1.6
0.79,2.0,0.0,1.0,96.21,1549.2,9.4
0.79,2.0,0.0,1.0,96.21,1204.5,8.2
0.79,2.0,0.0,1.0,96.21,976.5,12.0
0.79,2.0,0.0,1.0,96.21,1914.1,5.4
0.79,2.0,0.0,1.0,96.21,1923.4,6.0
0.79,2.0,0.0,1.0,96.21,1702.7,6.1
0.0163,24.3,0.0,0.0,75.6837,786.4350296204076,40.49475905635938
0.016,30.79,0.0,0.0,69.19399999999999,490.9358715009066,44.05140081492171
1.5,0.5,1.6,0.0,96.4,1041.8,9.6
1.5,0.5,1.6,0.0,96.4,1205.0,11.0
1.5,0.5,1.6,0.0,96.4,1231.2,8.2
1.5,0.5,1.6,0.0,96.4,1374.2,6.6
1.5,0.5,1.6,0.0,96.4,1460.0,6.4
1.5,0.5,1.6,0.0,96.4,1527.0,4.9
1.8,0.5,1.6,0.0,96.10000000000001,857.1,10.5
1.8,0.5,1.6,0.0,96.10000000000001,1131.0,9.1
1.8,0.5,1.6,0.0,96.10000000000001,1290.5,5.7
1.8,0.5,1.6,0.0,96.10000000000001,1376.2,6.6
0.018,31.6,0.0,6.45,61.932,695.0,20.0
0.018,31.6,0.0,6.45,61.932,710.0,27.0
0.001,19.8,0.0,0.0,80.199,692.0,27.4
0.002,28.4,0.0,0.0,71.59800000000001,594.0,45.7
0.001,32.3,0.0,0.0,67.699,430.0,41.5
0.002,39.7,0.0,0.0,60.298,419.0,39.2
3.35,0.3,0.0,2.25,94.10000000000001,390.0,19.0
3.41,0.12,0.0,3.2,93.27,470.0,13.0
1.58,0.43,1.65,0.4,95.93999999999998,1467.54613,8.68216
1.58,0.43,1.65,0.4,95.93999999999998,930.0,12.72007
1.58,0.43,1.65,0.4,95.93999999999998,1471.87,9.81
1.5,0.0,1.0,0.0,97.5,970.0,7.7
1.7,0.0,1.5,0.0,96.8,1100.0,10.65141
1.7,0.0,1.5,0.0,96.8,1050.0,10.0
1.47,0.0,0.0,0.0,98.53,462.66565,3.86809
1.48,0.0,0.0,0.0,98.52,399.01409,5.49224
1.64,0.0,0.0,0.0,98.36,430.83987,3.19432
1.64,0.0,0.0,0.0,98.36,761.22182,12.15548
1.56,0.0,0.0,0.0,98.44,767.66275,6.36459
1.8,0.0,2.6,0.0,95.60000000000001,1010.0,10.7
