C,Mn,Al,Si,Fe,UTS,UE,SDI
0.62,17.65,0.01,0.01,81.71,1118,71,11.4764339
0.62,24.5,0,0,74.88,1000,76.1,11.29310061
0.59,17.7,0.03,1.59,80.09,1164,64.6,11.18778785
0.6,22,0,0,77.4,1074,69.1,11.09776198
0.59,17.7,0,1.59,80.12,1249,58,11.08099538
0.3,10,3,2,84.7,1148,62.4,10.92691061
0.25,8.67,2.69,0.54,87.85,1138,62.4,10.87609563
0.56,21.68,0,0.06,77.7,909.7,77.8,10.97300249
1.2,30.5,2.1,0,66.2,935,75,10.8730166
0.3,9,5,0,85.7,785,87.7,11.14741939
0.25,8.67,2.69,0.54,87.85,1143,59.4,10.65663049
0.58,17.48,1.42,0,80.52,844,80.4,10.85137102
0.3,7,2,0,90.7,1025.2,65.5,10.55593771
0.62,17.65,0.02,0,81.71,954.9,70.3,10.59050461
0.6,18,0,0,81.4,1124,59.4,10.56008202
0.4,6.25,2.24,0,91.11,1067.6,60.3,10.34694732
0.61,22.2,0,0.18,77.01,961.7,65.9,10.26591227
0.11,8.1,1.8,0.6,89.39,1106,57,10.27271695
1.2,12,0,0,86.8,1112.269164,56.51786957,10.26522018
2,30,9.5,0,58.5,1161.3,53.3,10.25171421
0.22,11.2,1.95,0,86.63,1273.6,48.6,10.43873264
0.3,9,5,0,85.7,874,70.8,10.22022353
0.7,15,2,2,80.3,1146,53.2,10.16580486
0.95,17,0,0,82.05,1121.555658,54.18762207,10.12220486
0.71,23.5,0.01,0.06,75.72,953.5,63.4,10.02018345
1.2,22,0,0,76.8,1069.206989,56.51786957,10.04639982
0.04,20.1,2.9,2.8,74.16,840,71.3,10.0882647
0.7,15,2,2,80.3,955.5,62.4,9.948722236
0.57,22,0,0,77.43,775.9009019,76.82670514,10.21365821
0.58,17.51,1.54,0.05,80.32,925.8,64.3,9.952887747
0.04,20.1,2.9,2.8,74.16,840.5,70.6,10.0336685
0.56,21.68,0,0.06,77.7,1250.2,47.2,10.20555169
0.22,7.2,2.4,0,90.18,989.3,59.6,9.891929076
0.75,18,1.7,0.5,79.05,903.2,65.2,9.911507682
0.56,19.01,0.96,0,79.47,931,62.8,9.856875219
0.6,18,1.2,0,80.2,995,58.5,9.831106982
1.2,30.5,8,0,60.3,895,65,9.853514555
0.4,6.25,2.24,0,91.11,1392.2,41.6,10.47002882
0.75,18,1.7,0.5,79.05,1088.9,53.1,9.867488904
0.68,18.84,1.49,0.05,78.94,830,68.5,9.808901924
0.25,7.17,2.6,0,89.98,942,59.9,9.676061482
0.56,21.68,0,0.06,77.7,1293.7,43.6,10.13274969
0.25,7.17,2.6,0,89.98,943,59.8,9.672980559
0.6,21.59,0,0,77.81,857,65.5,9.701229735
0.7,15,2,2,80.3,1101.2,50.7,9.73409322
0.6,16.85,1.14,0.06,81.35,979,56.9,9.619204273
0.59,21.95,0.01,3.04,74.41,1191,46.7,9.863914897
0.75,18,1.7,0.5,79.05,1023.7,54.2,9.625961864
0.6,18,1.5,0,79.9,966,57.3,9.585794483
0.53,17.88,0,0.08,81.51,982.3,55.9,9.554349005
0.3,8.5,5.6,0,85.6,732.1,74.8,9.825655801
0.2,8.5,3,0,88.3,995.5,54.6,9.515313303
0.63,21.78,2.97,0,74.62,675.2,80.4,9.99361415
0.17,5.6,1.2,0,93.03,1191.2,45.3,9.7506573
0.3,6,3,1.5,89.2,1053,51,9.513652278
0.32,5.8,5,0,88.88,910.4,58.4,9.393049825
0.22,11.2,1.95,0,86.63,1336.1,39.7,10.02987078
0.25,8.67,2.69,0.54,87.85,1094,48.2,9.493445904
0.3,9.3,2.15,0.028,88.222,1120.6,47,9.530664698
0.03,26.5,2.8,3,67.67,649.3,80.2,9.845678508
0.3,9.3,2.15,0.028,88.222,1111.8,46.8,9.469622672
0.38,26.5,3.6,2.2,67.32,731,71,9.509894147
0.2,4.88,3.11,0.62,91.19,852.7,60.7,9.287583075
0.52,7.75,2.78,0,88.95,1090,47.4,9.407820542
1,28,12,0,59,884.6,58.4,9.261947175
0.7,15,2,2,80.3,834,61.9,9.290508116
0.58,19.07,2.02,0,78.33,860,59.4,9.218566535
0.03,25.6,2.8,3,68.57,639.5,79.7,9.755067721
0.3,9.3,2.15,0.028,88.222,1123.3,45.1,9.389298739
0.22,11.2,1.95,0,86.63,1249.7,40.5,9.656128717
1,30,0,0,69,886.6154377,56.67446572,9.131343241
0.6,18,2.5,0,78.9,890,56.2,9.109813998
0.42,22,0,0,77.58,725.9095891,68.20276497,9.255705128
1.27,28.4,8.3,0.25,61.78,884.5,55.7,9.041053652
0.7,15,2,2,80.3,773.4,63.7,9.129492916
1.01,27.95,8.65,0.54,61.85,822,59.8,9.058119294
0.25,7.17,2.6,0,89.98,937,52.2,9.022147558
0.3,9.3,2.15,0.028,88.222,1000,48.9,9.072922035
0.61,19.01,0.96,0,79.42,890,54.9,9.003702522
0.06,18.2,1.8,4.3,75.64,899.5,54.2,8.994839805
0.143,10.07,1.68,0.2,87.907,1088,44.8,9.185434594
0.17,5.6,1.2,0,93.03,1166.7,41.7,9.332313433
0,31,3,3,63,595.4,81.6,9.68605966
0.38,26.5,3.6,2.2,67.32,769,63,9.049997376
0.23,8.1,5.3,0.01,86.36,949,51,8.98517648
0.47,22.38,0,0.17,76.98,938.2,51.2,8.946621143
2,30,9.5,0,58.5,1509.7,31.8,10.26718757
0.36,30,3.1,1.9,64.64,738,65,9.05571936
0.75,18,1.7,0.5,79.05,1089.4,43.9,9.1190869
0.53,15.44,1.9,0.11,82.02,962,49.7,8.945124478
0.32,5.8,5,0,88.88,923.7,51.7,8.913751527
0.86,22.8,8.48,0,67.86,757.3,62.8,8.974219006
0.2,4.88,3.11,0.62,91.19,866,54.9,8.881746568
0.32,5.8,5,0,88.88,920.9,51.6,8.891360911
0.22,7.2,2.4,0,90.18,1155.4,41.1,9.225917978
0.22,7.2,2.4,0,90.18,1091,43.4,9.086405191
0.27,28.5,0,0,71.23,797,59.3,8.890269736
0.45,10,1,0,88.55,1027,46,8.973412267
0.4,8,3,2,86.6,1217,38.6,9.334877728
0.2,4.88,3.11,0.62,91.19,1103.3,42.3,9.059120984
0.2,4.88,3.11,0.62,91.19,931,50.1,8.820247724
0.17,10.2,0.3,2.38,86.95,1404,33.2,9.844347119
0.2,4.88,3.11,0.62,91.19,1006,46.2,8.88302565
0.02,28.7,2,4,65.28,735.8,63.1,8.889454061
0.17,10.2,0.3,2.38,86.95,1400,33.1,9.815858705
0.8,31.52,8.73,0,58.95,749.2,61.8,8.851434659
0.2,4.88,3.11,0.62,91.19,1054,43.9,8.939201869
0.15,7,1,0.3,91.55,1011.4,45.6,8.861491212
0.2,4.88,3.11,0.62,91.19,842,54.7,8.743465773
0.08,15.1,1.4,1.95,81.47,1160,39.6,9.126856551
0.3,6,3,1.5,89.2,977,47,8.800961576
0.3,6,3,1.5,89.2,977,47,8.800961576
0.16,14.3,0.89,2.97,81.68,1370,33.5,9.696063448
0.02,29.2,2.8,3,64.98,609.3,75.2,9.234297525
0.25,8.67,2.69,0.54,87.85,1062,43,8.906392062
0.2,4.88,3.11,0.62,91.19,897,50.9,8.712776159
0.3,9.3,2.15,0.028,88.222,969.3,47.1,8.769996463
0.3,7,2,0,90.7,1220.2,37.4,9.253189467
1.27,28.4,8.3,0.25,61.78,962.5,47.4,8.759929539
0.004,29.99,1.98,4.06,63.966,650,70,9.016668592
0.16,3.95,0,0.5,95.39,1082,42,8.926397811
0.16,3.95,0,0.5,95.39,1095,41.5,8.95164518
0.2,8.5,3,0,88.3,997.6,45.5,8.783204118
1,28,12,0,59,889.6,51,8.683335495
0.25,7.17,2.6,0,89.98,910,49.7,8.680886579
0.11,8.1,1.8,0.6,89.39,1290,35,9.411979922
0.92,28.8,9.37,0.035,60.875,869,51.8,8.643956005
0.62,17.65,0.02,0,81.71,880,51,8.634553114
0.6,22,0,0,77.4,821.3788625,54.4963059,8.622053132
0.22,11.2,1.95,0,86.63,1329.5,33.5,9.490262777
0.8,31.52,8.73,0,58.95,764.8,57.8,8.60420918
0.8,31.52,8.73,0,58.95,844.2,52.1,8.542422117
1.12,29.6,10.46,0,58.82,855,51.4,8.540165347
0,31,3,3,63,689.3,63.7,8.702138929
0.36,30,3.1,1.9,64.64,718,61,8.62759255
0.36,30,3.1,1.9,64.64,754,58,8.565653844
0.3,12,3,0,84.7,943.2,46.3,8.572069993
1.2,30.5,8,0,60.3,1180,37,9.01626356
0.3,4,1.82,0.6,93.28,886,49.2,8.51811852
0.92,28.8,9.37,0.035,60.875,789,55,8.498633639
1.11,29.8,7.65,0.09,61.35,746,58,8.525001859
0.18,8,0,0,91.82,1458,29.6,9.82490085
0.2,4.72,0,0,95.08,1304.9,32.7,9.299958555
0.15,10,1.5,0,88.35,993,42.8,8.539443854
0.92,28.8,9.37,0.035,60.875,868,48.9,8.402164291
0.32,5.8,5,0,88.88,807.8,52.5,8.390105272
0.03,25.5,1.8,3.9,68.77,728.6,58.2,8.452908635
0.36,30,3.1,1.9,64.64,757,56,8.417649913
0.22,11.2,1.95,0,86.63,1403.4,30.2,9.596425583
0.22,11.2,1.95,0,86.63,1403.4,30.2,9.596425583
0.6,18,1.5,0,79.9,859.3,49.3,8.390604943
0.25,4,1.88,0.6,93.27,951,44.4,8.456619675
0.3,6,3,1.5,89.2,984,42.9,8.501872793
0.3,6,3,1.5,89.2,984,42.9,8.501872793
0.11,8.1,1.8,0.6,89.39,1405,30,9.588231138
0.32,21.75,1.26,0.04,76.63,738,57,8.402725663
0.09,13.9,2.01,2.07,81.93,1060,39.6,8.618706745
0.38,26.5,3.6,2.2,67.32,838,50,8.339505983
0.5,30,0,0,69.5,754.2492699,55.42607023,8.356825519
0.32,5.8,5,0,88.88,889.9,46.7,8.333875832
0.8,31.52,8.73,0,58.95,895.6,46.2,8.322028265
0.28,6.2,0,1.6,91.92,1260,32.7,9.071799292
0.6,18,1.5,0,79.9,687.4,59.9,8.382312076
0.7,12,5.5,0,81.8,1001.8,41.1,8.445399876
0.03,25.6,3.8,2,68.57,568.5,72.2,8.782099767
0.21,10.75,6.08,0,82.96,662,61.9,8.41649045
0,31,3,3,63,724,56.5,8.290772584
0.15,10,1.5,0,88.35,1420,28.8,9.566504554
0,31,3,3,63,648,63.1,8.443298532
0.15,6,1,1.5,91.35,1031.6,39.6,8.4743922
0.3,6,3,1.5,89.2,1130,36,8.680564445
0.3,6,3,1.5,89.2,1130,36,8.680564445
1.11,29.8,7.65,0.09,61.35,923,43.8,8.265363202
0.16,3.95,0,0.5,95.39,1083,37.2,8.539683091
0,31,3,3,63,575,70,8.635556238
0.92,28.8,9.37,0.035,60.875,801,50,8.151490555
0.38,26.5,3.6,2.2,67.32,751,53,8.142288288
0.14,7.14,0.056,0.23,92.434,1067.6,37.2,8.461428021
0.38,26.5,3.6,2.2,67.32,827,48,8.12036108
0.14,7.39,1.55,0.2,90.72,1120,35.4,8.580774937
0,31,3,3,63,519,76.3,8.865224883
0.52,29.8,2.73,2.96,63.99,725,54.5,8.132605657
0.08,12.8,0,0,87.12,1329,29.7,9.177550022
0.4,12,0,0,87.6,1137,34.6,8.601861034
0.6,18,1.5,0,79.9,663.3,59.3,8.210873446
0.57,12.4,1.4,0.4,85.23,770,51,8.075588327
0.75,28.89,9.48,0.035,60.845,822,47.7,8.070466326
2,30,9.5,0,58.5,1561.3,25.1,9.982510644
0.1,13,0.45,1.57,84.88,1450,27,9.572025914
0.59,16.42,0,3,79.99,963,40.6,8.207425645
0.56,21.68,0,0.06,77.7,1432.1,27.3,9.505554362
0.92,28.8,9.37,0.035,60.875,979,39.8,8.223430245
0.12,7,0,0.3,92.58,1132.3,34.3,8.55349073
0.95,27.02,11.5,0.59,59.94,925.9,41.9,8.125013543
0.2,8.5,3,0,88.3,1119.2,34.5,8.503247948
0.32,16.8,1.47,0.03,81.38,702,55,8.056543308
0.36,30,3.1,1.9,64.64,772,50,8.004127111
0.15,6,1,1.5,91.35,1201.5,32.1,8.725557129
0.3,6,3,1.5,89.2,926,41.4,8.084709587
0.3,6,3,1.5,89.2,926,41.4,8.084709587
0.3,25,1,0,73.7,687.1,55.7,8.037965936
0.3,25,1,0,73.7,639.6,59.5,8.106766784
0.6,18,1.5,0,79.9,723.6,52.2,7.937755872
0.3,4,1.82,0.6,93.28,1005.1,37.5,8.168321656
0.26,10.1,6.3,0,83.34,783.7,47.9,7.892169793
0.22,7.2,2.4,0,90.18,1255.1,29.9,8.818352158
0.3,25,1,0,73.7,770.5,48.6,7.882230967
0.57,12.4,1.4,0.4,85.23,925,40.3,7.989841456
0.31,22.28,0,0.12,77.29,820.8,45.4,7.87663284
0.22,11.2,1.95,0,86.63,1536.2,24.2,9.781503252
0.03,18.1,3.5,1.8,76.57,739.4,50.2,7.854795117
0.23,3,1.7,0.6,94.47,1234,30,8.71929497
0.143,7.39,1.55,0.2,90.717,831,44.5,7.855002329
0.57,12.4,1.4,0.4,85.23,870,42.5,7.889932329
0.96,13.08,0,1.23,84.73,904,40.9,7.932104524
0.26,10.1,6.3,0,83.34,761.1,48.5,7.826302464
0.8,15,7,0,77.2,1051,35.1,8.205664307
0.92,28.8,9.37,0.035,60.875,997,37,8.086349415
0.75,18,1.7,0.5,79.05,1271.4,28.9,8.819556364
0.36,30,3.1,1.9,64.64,765,48,7.8053082
0.38,26.5,3.6,2.2,67.32,733,50,7.805948687
0.14,7.14,0.056,0.23,92.434,1051.6,34.8,8.184225943
0.81,26.8,12.32,0,60.07,955,38,7.954550709
0.14,7.14,0.056,0.23,92.434,1063.8,33.8,8.164596007
0.14,7.14,0.056,0.23,92.434,1092.1,32.9,8.234940611
0.02,17.9,2.9,3.2,75.98,937.9,38.3,7.892144356
0.32,5.8,5,0,88.88,882.1,40.7,7.804494874
0.14,7.14,0.056,0.23,92.434,1029.7,34.8,8.072941135
0.57,12.4,1.4,0.4,85.23,800,44.7,7.713800732
0.3,6,3,1.5,89.2,1129,31.6,8.316336413
0.3,6,3,1.5,89.2,1129,31.6,8.316336413
0,31,3,3,63,776.5,45.8,7.684172161
0.15,10,1.5,0,88.35,1537,23.1,9.695781817
0.02,15.8,2.9,3,78.28,930.4,37.8,7.813221015
0.086,8.05,0.021,0.138,91.705,1307,26.9,8.83720927
0.004,29.99,1.98,4.06,63.966,748,47,7.637298521
0.17,5.6,1.2,0,93.03,1161.8,30.2,8.368735652
0.19,4.99,0,1.98,92.84,1079,32.4,8.12756088
0.26,10.1,6.3,0,83.34,806.3,43.3,7.631540273
0.01,30.6,3.9,2,63.49,534.6,65.2,8.038467498
0.14,7.14,0.056,0.23,92.434,1095.5,31.7,8.15426865
0.15,7,0,0.2,92.65,1200,28.9,8.456737402
0.14,7.14,0.056,0.23,92.434,1044.1,33.2,8.015515968
0.7,12,5.5,0,81.8,1056.2,32.7,8.036189988
0.51,15.45,1.3,0.03,82.71,593,58,7.747532656
0.3,25,1,0,73.7,801.2,42.9,7.572974948
0.21,4.94,0.032,1.5,93.318,1168,29.4,8.334941571
0.18,6.4,2.8,0.5,90.12,753,45.5,7.540269693
0.2,5,0,0,94.8,912.9,37.5,7.699807535
0.6,18,1.5,0,79.9,868.3,39.3,7.620096303
0.6,18,1.5,0,79.9,835.2,40.8,7.574335036
0.18,6.4,2.8,0.5,90.12,762,44.7,7.520703806
0.15,7,0,0.2,92.65,1156.8,29.4,8.278028792
0.37,31.4,1.19,0,67.04,706.7,48.1,7.517219285
0.37,31.4,1.19,0,67.04,707.7,48,7.514138362
0.3,5.06,0.022,0.019,94.599,1586,21.4,9.806014061
0.2,4.72,0,0,95.08,1250.4,27.1,8.565921323
0.4,5.17,0.029,0.008,94.393,1696,19.8,10.23438011
1,28,12,0,59,937.8,35.8,7.687575676
0.3,25,1,0,73.7,851,39.2,7.524023966
0.36,30,3.1,1.9,64.64,813,41,7.477850622
0.6,22,5.86,0,71.54,690.4,48.2,7.442553288
0,33,0,3.96,63.04,724,45.8,7.417393513
0.15,10,1.5,0,88.35,1549,21.4,9.617998633
0.18,6.4,2.8,0.5,90.12,914,36.2,7.599285707
0.17,5.56,1.21,0,93.06,1233.2,26.8,8.454032292
0.18,6.4,2.8,0.5,90.12,955,34.6,7.677028388
0.11,11.5,0.38,2.46,85.55,1300,25.4,8.679202466
0.75,28.89,9.48,0.035,60.845,957,34.5,7.679028963
0.19,4.99,0,1.98,92.84,1087,30.3,7.996802019
0.28,9.33,2.6,0,87.79,959,34.3,7.672867116
0.08,12.8,0,0,87.12,1342,24.5,8.819163593
0,31,3,3,63,825,39.8,7.440879544
0.3,10,3,2,84.7,1124,29.2,8.095030814
0.15,6,3,1.5,89.35,929,35.2,7.593883966
0.08,12.8,0,0,87.12,1408,23.1,9.040268568
0.15,10,1.5,0,88.35,1229,26.4,8.400040316
0.31,31.4,5.09,0,63.2,742,43.7,7.337449632
0.32,2.65,0,0.95,96.08,1076.238656,30.0826719,7.924379036
0.14,7.14,0.056,0.23,92.434,1126,28.7,8.064381704
0.31,31.4,5.09,0,63.2,738.5,43.7,7.319664389
0.2,4.72,0,0,95.08,1180.3,27.3,8.226033151
0.23,3,1.7,0.6,94.47,1285,25,8.57033031
0.2,5,0,2.5,92.3,931.1,34.4,7.539255742
0.0163,24.3,0,0,75.6837,786.4350296,40.49475906,7.301620882
0.57,12.4,1.4,0.4,85.23,710,44.7,7.256465907
0.19,4.99,0,1.98,92.84,1228,25.8,8.34598429
0.1,13.8,0.4,2.01,83.69,1320,24,8.66655853
0.32,3.85,4.18,1.53,90.12,920.4,34.4,7.484883713
0.18,8,0,0,91.82,1047,30.2,7.785379675
0.2,5,0,2.5,92.3,1128.5,28,8.0199485
0.1,13.8,0.4,2.01,83.69,1316,24,8.646232537
0.6,20.15,9.22,0,70.03,787,40,7.26410746
0.6,20.15,9.22,0,70.03,787,40,7.26410746
0.6,20.15,9.22,0,70.03,806,39,7.279031711
0.6,20.15,9.22,0,70.03,806,39,7.279031711
0.46,1.54,0.05,1.49,96.46,1238.338952,25.23227162,8.352181273
0.2,4.72,0,0,95.08,1054.2,29.5,7.764829513
0.27,11.1,1.49,1.37,85.77,1330,23.3,8.660236562
0.25,4,1.88,0.6,93.27,1143,27.1,8.020168431
0.12,6.1,0,1.5,92.28,1083,28.6,7.837714866
0.02,16.2,1.8,4,77.98,1090.3,28.4,7.858484959
0.2,5,0,0,94.8,920.8,33.6,7.421616942
0.2,4.72,0,0,95.08,1208.1,25.6,8.228537636
0.2,4.72,0,0,95.08,1040.1,29.7,7.709505233
0.18,6.4,2.8,0.5,90.12,910,33.8,7.383061605
0.16,3.95,0,0.5,95.39,1122,27.4,7.937944236
0.3,9.3,2.15,0.028,88.222,994.8,30.7,7.560937583
0,25.5,0.19,0,74.31,799.8,38.1,7.174064632
0.14,7.14,0.056,0.23,92.434,1289.5,23.5,8.470760733
0.19,22,0,0,77.81,696.9786497,43.33294146,7.078712864
1.11,29.8,7.65,0.09,61.35,974,31,7.479729687
0.092,5.91,0.028,0.017,93.953,848,35.6,7.214932308
0,25.5,0.19,0,74.31,793,37.8,7.115023181
0.23,3,1.7,0.6,94.47,1197,25,8.123158481
0.6,20.15,9.22,0,70.03,830,36,7.156115028
0.6,20.15,9.22,0,70.03,830,36,7.156115028
0.18,6.4,2.8,0.5,90.12,737,40.5,7.050844663
0,25.6,0,0,74.4,831.4,35.8,7.146904282
1.2,30.5,2.1,0,66.2,850,35,7.176120777
0.22,6.83,0,1.53,91.42,1096.3,27,7.774700051
0.59,21.95,0.01,3.04,74.41,803,36.8,7.08421395
0.19,4.39,0.01,0,95.41,957,30.8,7.377019377
0.3,3.5,6,0,90.2,816.4,36.1,7.095169075
0.1,5.25,0,2.09,92.56,1050,28,7.621050903
0,25.6,0,0,74.4,830.4,35.4,7.109173099
0.57,12.4,1.4,0.4,85.23,910,32.3,7.260625287
0.16,3.95,0,0.5,95.39,1022,28.7,7.535905906
0.22,6.83,0,1.53,91.42,1076.5,27.2,7.690411232
0.189,4.45,0.48,0,94.881,855,34.2,7.136228897
0.1,5.25,0,2.09,92.56,1004,29.1,7.477088625
0.23,3,1.7,0.6,94.47,1449,20,8.99557493
0.8,15,7,0,77.2,1020,28.4,7.501255646
0.15,7,0,0.2,92.65,1113.8,26,7.782002054
0.15,7,0,0.2,92.65,984.2,29.3,7.392799806
0.005,14.8,0,0.02,85.175,772,37.2,6.959337195
0.01,15.9,3.5,1.9,78.69,767.2,37.4,6.951270847
0.6,18,1.5,0,79.9,889.4,32.2,7.147784006
0.35,3.5,5.8,0,90.35,830,34.48094612,7.032123452
0.2,8.5,3,0,88.3,1228.1,23.3,8.14243191
0.28,6.2,0,1.6,91.92,1243.8,23,8.197724165
0.15,6.09,1.849,0.969,90.942,1200,23.8,8.04045392
0.15,7,0,0.2,92.65,1216,23.4,8.089108204
0,26.1,0.7,0,73.2,600.5,47.3,6.912264821
0.095,5.8,0.028,0.13,93.947,736,38.4,6.874352319
0.3,4,1.82,0.6,93.28,1124.2,25.1,7.761387843
0,26.1,0.7,0,73.2,594.7,47.3,6.882792132
0.056,8.9,1,1.54,88.504,1150.5,24.4,7.837894294
0.35,3.5,5.8,0,90.35,800,34.95400788,6.918291803
0.22,11.2,1.95,0,86.63,1708.8,16.3,10.01373854
0.002,31.1,0,0,68.898,532,52.3,6.972303265
0.1,5,0.02,1.2,93.68,779.3,35.6,6.865833391
0.092,5.91,0.028,0.017,93.953,767.5,36,6.838521399
0.8,20,7,0,72.2,1005,27.3,7.335246542
0.32,5.8,5,0,88.88,952.6,28.8,7.191412362
0.14,7.14,0.056,0.23,92.434,1166.3,23.5,7.844720172
0.093,7.22,0.013,0.49,92.184,1402,19.5,8.715932415
0.093,7.22,0.013,0.49,92.184,1231,22.2,8.06738162
0.14,7.14,0.056,0.23,92.434,1225.9,22.2,8.04146598
0.18,6.4,2.8,0.5,90.12,961,28.3,7.193284839
0.002,28.4,0,0,71.598,594,45.7,6.748636344
0.6,20.15,9.22,0,70.03,875,31,6.976661379
0.6,20.15,9.22,0,70.03,875,31,6.976661379
0.1,6.38,0,0,93.52,888.8,30.5,7.005973946
1.11,29.8,7.65,0.09,61.35,960,28,7.163716078
0.1,5.25,0,2.09,92.56,1071,25,7.482889725
0.31,1.57,0.009,1.51,96.601,944.9288857,28.27420331,7.109513869
0.17,5.6,1.2,0,93.03,1120,23.8,7.633934076
0.12,6.1,0,1.5,92.28,1203.6,22.1,7.919986152
0.05,8.51,0.08,0.29,91.07,1193,22.2,7.874284694
0.4,6.25,2.24,0,91.11,1003.9,26.3,7.248032682
0.12,6.1,0,1.5,92.28,957.5,27.5,7.110200226
0.75,18,1.7,0.5,79.05,1354.8,19.4,8.467923286
0.24,31,1.18,0,67.58,632.1,41.5,6.599419729
0.12,6.1,0,1.5,92.28,992.8,26.4,7.199790474
0.31,8.8,5.1,0,85.79,1557,16.8,9.283179241
0.11,30.9,1.21,0,67.78,571.9,45.7,6.636335237
0.1,6.38,0,0,93.52,811.4,32.2,6.751427157
0.11,30.9,1.21,0,67.78,569.9,45.8,6.634334662
0.099,7.09,0.031,0.13,92.65,874,29.8,6.873630826
0.24,31,1.18,0,67.58,629.9,41.3,6.571915591
0.5,12,7,0,80.5,861.4,30.2,6.842253636
0.3,9.3,2.15,0.028,88.222,1017.2,25.5,7.250317236
0.1,5.25,0,2.09,92.56,1079,24,7.441917498
0.092,5.91,0.028,0.017,93.953,961.9,26.9,7.08358429
0.19,4.39,0.01,0,95.41,733,35.3,6.606072767
0.004,29.99,1.98,4.06,63.966,834,31,6.768319959
1.27,28.4,8.3,0.25,61.78,1047.6,24.6,7.331332986
0.56,29.06,9.57,0.04,60.77,904,28.4,6.911801871
0.14,7.14,0.056,0.23,92.434,1473.9,17.4,8.90988128
0.32,2.65,0,0.95,96.08,961.9528609,26.61743102,7.060788432
0.086,8.05,0.021,0.138,91.705,1235,20.7,7.965271294
0.056,8.9,1,1.54,88.504,1157,22,7.675025922
0.22,11.2,1.95,0,86.63,1669.7,15.2,9.725265333
0.2,5,0,0,94.8,887.1,28.6,6.842249396
0.8,12,7,0,80.2,998,25.4,7.144590052
0.12,5.1,0.064,0.009,94.707,1104,22.9,7.479168316
0.2,12.4,5.2,0.9,81.3,760,33.2,6.571862369
0.12,6.1,0,1.5,92.28,1105,22.8,7.476087392
0.195,4.52,1.3,0,93.985,977,25.7,7.062365856
0.14,7.14,0.056,0.23,92.434,1705.8,14.7,9.867895307
0.19,1.59,0.036,1.63,96.554,806,30.9,6.617875592
0.7,10.4,9.7,0,79.2,855,29.11966754,6.721550763
0.056,8.9,1,1.54,88.504,1070.3,23.2,7.332409095
0.056,8.9,1,1.54,88.504,1145.8,21.5,7.577301037
0.15,6.09,1.849,0.969,90.942,1200,20.5,7.77109402
0.12,5.1,0.064,0.009,94.707,1045,23.5,7.228334458
0.15,7,0,0.2,92.65,1284.6,19.1,8.086714859
0.4,21.83,1.5,0.16,76.11,591,41.5,6.390570159
0.25,4,1.88,0.6,93.27,1251,19.6,7.95678863
0.1,4.5,0,0,95.4,759,32.3,6.49331908
0.15,7,1,0.3,91.55,1342.3,18.2,8.306455506
0.11,4.5,2.2,0.45,92.74,851,28.7,6.666969738
0.32,1.42,0,1.56,96.7,1049.945435,23.24449985,7.232609677
0.46,1.54,0.05,1.49,96.46,1251.5637,19.48253212,7.950064848
0.19,1.59,0.036,1.63,96.554,808,30,6.554576797
0.2,5,0,2.5,92.3,1249,19.4,7.930300791
0.57,12.4,1.4,0.4,85.23,930,26,6.848022711
0.25,7.17,2.6,0,89.98,884,27.2,6.712222855
0.31,6.67,5.94,0.02,87.06,728.1,33,6.393437739
0.1,5.18,0.026,0.12,94.574,624,38.5,6.313386958
0.14,7.14,0.056,0.23,92.434,1337.5,17.9,8.257577051
0.35,3.5,5.8,0,90.35,877,27.22733246,6.678883359
0.1,6.38,0,0,93.52,768.8,31,6.437006285
0.1,6.38,0,0,93.52,825.4,28.8,6.545045809
0.12,5.8,3.1,0.47,90.51,994,23.8,6.99366532
0.47,26,9.7,0,63.83,882,26.7,6.661247753
0.28,4.08,0,1.42,94.22,1536.2,15.3,9.055047764
0.05,12,3,0,84.95,804,29.2,6.468951435
0.75,17.59,1.7,0.52,79.44,1581,14.8,9.24188677
0.208,5.11,2.47,0,92.212,1343.8,17.4,8.248778383
0.26,10.1,6.3,0,83.34,655.6,35.5,6.22908966
0.32,5.8,5,0,88.88,898.5,25.9,6.679793101
0.18,8,0,0,91.82,2004,11.6,11.13016297
0.52,29.8,2.73,2.96,63.99,802,28.9,6.434301175
0.28,4.08,0,1.42,94.22,1510.6,15.2,8.916798992
0.28,6.2,0,1.6,91.92,1282.1,17.9,7.976062059
0.28,4.08,0,1.42,94.22,1509.3,15.2,8.910193045
0.12,5.13,0,0.009,94.741,802,28.6,6.409813912
0.1,5,0.02,1.2,93.68,1061.2,21.6,7.155568723
0.6,12,0,0,87.4,830,27.6,6.470471645
0.2,12.4,5.2,0.9,81.3,815,28.1,6.43506128
0.3,4,0,1.6,94.1,1556,14.7,9.106686898
0.3,4,0,1.6,94.1,1666,13.7,9.584027472
0.201,1.8,0.041,1.24,96.718,815.7,27.9,6.422293486
0.4,3.5,5.9,0,90.2,906,25.1,6.652604967
0.6,18,1.5,0,79.9,1067.3,21.3,7.162078597
0.3,6,3,1.5,89.2,1365,16.6,8.291206772
0.3,6,3,1.5,89.2,1365,16.6,8.291206772
0.38,27.8,8.59,0.35,62.88,567.7,39.8,6.133410093
0.16,3.95,0,0.5,95.39,955.7,23.6,6.782719102
0.19,1.59,0.036,1.63,96.554,869,25.9,6.529888909
0.19,1.59,0.036,1.63,96.554,877,25.6,6.546053629
0.19,4.02,0.031,0.5,95.259,1111,20.2,7.294353429
0.29,2.95,0.06,1.59,95.11,1495,15,8.82120278
0.21,10.2,1.94,0,87.65,1515,14.8,8.906507899
0.19,1.59,0.036,1.63,96.554,904,24.8,6.617954707
0.201,1.8,0.041,1.24,96.718,817.8,27.4,6.392152526
0.29,2.95,0.06,1.59,95.11,1492,15,8.805958286
0.29,2.95,0.06,1.59,95.11,1489,15,8.790713792
0.8,8,8,0,83.2,1676.9,13.3,9.606766116
0.18,6.4,2.8,0.5,90.12,1018,21.9,6.96053527
0.18,11.02,3.81,0,84.99,736.4,30,6.190741536
0.18,11.02,3.81,0,84.99,736.4,30,6.190741536
0,26.2,3.6,0,70.2,495.9,44.4,6.144029909
0,26.2,3.6,0,70.2,497.8,44.2,6.137359913
0.1,5.25,0,2.09,92.56,981,22.4,6.813331948
0,30,0,0,70,487.0977078,45.06329813,6.153442265
0.05,16.86,0,0,83.09,773.4,28.2,6.231833382
0.1,5.25,0,2.09,92.56,1239,17.6,7.732562229
0.05,5,0,0.2,94.75,871.9,25,6.471163462
0.05,16.86,0,0,83.09,769.4,28.3,6.219669811
0.1,4.91,0.008,2.04,92.942,849,25.6,6.403771684
0.1,5.25,0,2.09,92.56,1174,18.5,7.475726646
0.17,5.56,1.21,0,93.06,1633,13.3,9.383688351
0.1,6.38,0,0,93.52,1038.3,20.9,6.982065469
0.21,10.2,1.94,0,87.65,1335,16.2,8.106112145
0.016,30.79,0,0,69.194,490.9358715,44.05140081,6.090350566
0.19,1.59,0.036,1.63,96.554,951,22.7,6.68537427
0.35,3.5,5.8,0,90.35,794,27.12220762,6.248538288
0.14,7.14,0.056,0.23,92.434,1721.4,12.5,9.76759341
0.195,1.55,0.04,1.21,97.005,747,28.7,6.13849394
0.12,7,0,0.3,92.58,1053.4,20.3,7.009821562
0.11,4.5,2.2,0.45,92.74,929,23,6.598068577
0.19,1.59,0.036,1.63,96.554,991,21.5,6.790685138
0.29,2.95,0.06,1.59,95.11,1520,14,8.866616019
0.199,0.94,0.041,2.1,96.72,740,28.7,6.102923453
0.199,0.94,0.041,2.1,96.72,752.8,28.2,6.127154522
0.3,9,5,0,85.7,840,25.2,6.325388516
0.19,1.59,0.036,1.63,96.554,975,21.7,6.725706011
0.32,2.65,0,0.95,96.08,968.1837567,21.77440407,6.697142458
0.14,7.14,0.056,0.23,92.434,1442.9,14.6,8.523807046
0.16,3.95,0,0.5,95.39,972.8,21.6,6.706364295
0.15,6.09,1.849,0.969,90.942,1400,15,8.338460464
0.36,28.86,9.52,0.04,61.22,841,24.9,6.305982751
0.23,8.1,5.3,0.01,86.36,793,26.4,6.184507162
0.28,4.08,0,1.42,94.22,1539,13.6,8.930514797
0.06,29.2,5.2,0.6,64.94,497,42.1,5.961883869
0.08,12.8,0,0,87.12,1264,16.5,7.769813047
0.8,20,7,0,72.2,1080,19.3,7.063365198
0.16,3.95,0,0.5,95.39,1031,20.2,6.887833584
0.195,1.55,0.04,1.21,97.005,797.3,26.1,6.18187034
0.201,1.8,0.041,1.24,96.718,800.2,26,6.188444263
0.3,5.06,0.022,0.019,94.599,1368,15.2,8.192177369
0.06,29.2,5.2,0.6,64.94,483,43,5.964204687
0.075,5.1,2.1,0.49,92.235,870,23.8,6.363559561
0.1,6.38,0,0,93.52,915.8,22.6,6.498343117
0.12,5.13,0,0.009,94.741,989,20.9,6.731547615
0.19,1.59,0.036,1.63,96.554,1033,20,6.881671738
0.11,4.86,0,0,95.03,857,24.1,6.32198735
0.17,3.99,0.025,0.5,95.315,1067,19.3,6.997305724
0.1,4.7,0,0,95.2,825.6,24.9,6.227727681
0.201,1.8,0.041,1.24,96.718,853,24.1,6.301661358
0.195,1.55,0.04,1.21,97.005,762.1,26.8,6.060138557
0.12,5.13,0,0.009,94.741,818,24.9,6.189108295
0.3,8.5,5.6,0,85.6,783.3,26,6.102566946
0.32,1.42,0,1.56,96.7,1071.378545,19.00555658,6.995521577
0.083,4.62,0,0,95.297,877,23.2,6.35015552
0.195,1.55,0.04,1.21,97.005,763.5,26.6,6.050927812
0.3,4,1.82,0.6,93.28,1230.7,16.5,7.600599161
0.05,6.15,0,1.5,92.3,1014,20,6.785123275
0.19,1.59,0.036,1.63,96.554,859,23.6,6.29133824
0.32,1.42,0,1.56,96.7,959.1399348,21.04594521,6.591726414
0.06,29.2,5.2,0.6,64.94,464,43.5,5.90846833
0.25,7.17,2.6,0,89.98,889,22.7,6.370321391
0.5,12,7,0,80.5,909,22.2,6.431139246
0.15,4.02,0.027,0.49,95.313,1113,18.1,7.13310558
0.3,7,2,0,90.7,958.9,21,6.586756944
0.099,7.09,0.031,0.13,92.65,1198,16.8,7.458921439
0.15,7,0,0.2,92.65,1281.1,15.7,7.791407294
0.3,4,0,1.6,94.1,1621,12.4,9.249248584
0.19,1.59,0.036,1.63,96.554,980,20.5,6.653164447
0.19,1.59,0.036,1.63,96.554,953,21,6.556776106
0.57,12.4,1.4,0.4,85.23,1175,17,7.358371826
0.06,1.55,0,1.94,96.45,656.9,30.4,5.819412125
0.11,4.86,0,0,95.03,821,24.3,6.155378262
0.195,1.55,0.04,1.21,97.005,777.7,25.6,6.041460872
0.19,1.59,0.036,1.63,96.554,1022,19.4,6.776800732
0.199,0.94,0.041,2.1,96.72,770.3,25.7,6.012020208
0.3,4,0,1.6,94.1,1661,11.9,9.4116964
0.195,1.55,0.04,1.21,97.005,768.6,25.7,6.003381661
0.7,12,5.5,0,81.8,1233.6,16,7.5745234
0.195,1.55,0.04,1.21,97.005,831.1,23.7,6.157726865
0.199,0.94,0.041,2.1,96.72,702.3,28,5.854214028
0.083,4.62,0,0,95.297,922,21.3,6.42373693
0.29,2.95,0.06,1.59,95.11,1501,13,8.688443344
0.47,26,9.7,0,63.83,945,20.6,6.483474436
0.201,1.8,0.041,1.24,96.718,787.9,24.7,6.019830361
1,28,12,0,59,986,19.7,6.618354066
0.055,5.6,2.2,0.49,91.655,871,22.3,6.246204741
0.201,1.8,0.041,1.24,96.718,859.2,22.6,6.210730327
0.2,0.951,0.041,1.56,97.248,721.8,26.9,5.863516607
0.06,5.5,0.03,0.2,94.21,1109.5,17.5,7.066345809
0.1,4.7,0,0,95.2,880.3,22,6.268975409
0.1,4.7,0,0,95.2,895.2,21.6,6.312040045
0.083,4.62,0,0,95.297,947,20.4,6.47731259
0.05,12,3,0,84.95,786,24.5,5.993850673
0.22,7.2,2.4,0,90.18,898.6,21.4,6.312992296
0.201,1.8,0.041,1.24,96.718,839.5,22.9,6.135112079
0.201,1.8,0.041,1.24,96.718,803.8,23.9,6.035326811
0.208,5.11,2.47,0,92.212,1123.3,17.1,7.103820797
0.018,31.6,0,6.45,61.932,710,27,5.811717351
0.19,1.59,0.036,1.63,96.554,957,20,6.495477886
0.195,1.55,0.04,1.21,97.005,724.8,26.4,5.837948995
0.1,4.7,0,0,95.2,824.5,23.2,6.083376872
0.32,1.42,0,1.56,96.7,1019.814104,18.6490749,6.704399436
0.2,0.951,0.041,1.56,97.248,727.2,26.1,5.825657326
0.001,19.8,0,0,80.199,692,27.4,5.752900071
0.7,10.4,9.7,0,79.2,804,23.56471363,6.008975625
0.203,1.25,0.042,1.24,97.265,707.9,26.7,5.776558941
0.203,1.25,0.042,1.24,97.265,751.3,25.1,5.866497217
0.21,10.2,1.94,0,87.65,1362,13.8,8.047414484
0.16,3.95,0,0.5,95.39,1084,17.3,6.920442766
0.3,10,3,2,84.7,1241,15.1,7.538664694
0.083,4.62,0,0,95.297,887,21.1,6.229559655
0.19,1.59,0.036,1.63,96.554,1081,17.3,6.905198272
0.29,2.95,0.06,1.59,95.11,1558,12,8.896464521
0.2,0.951,0.041,1.56,97.248,759.5,24.6,5.867353395
0.1,4.7,0,0,95.2,788,23.7,5.938714299
0.16,3.95,0,0.5,95.39,1046,17.8,6.768157946
0.35,1.1,4.1,0.38,94.07,666.4,27.9,5.663625826
0.083,4.62,0,0,95.297,959,19.3,6.448503933
0.083,4.62,0,0,95.297,978,18.9,6.512402711
0.1,6.38,0,0,93.52,1168.3,15.8,7.226376734
0.05,5,0,0.2,94.75,996.2,18.5,6.572236291
0,32.6,0,0,67.4,446,41.3,5.637428098
0.199,0.94,0.041,2.1,96.72,699.6,26.3,5.701732822
0.083,4.62,0,0,95.297,855,21.5,6.099601402
0.12,5.13,0,0.009,94.741,1176,15.6,7.249179427
0.195,1.55,0.04,1.21,97.005,770.3,23.8,5.856934205
0.195,1.55,0.04,1.21,97.005,783.4,23.4,5.890852144
0.203,1.25,0.042,1.24,97.265,691.2,26.4,5.66721066
0.092,4.6,0,0,95.308,868,21,6.124848771
0.17,1.65,1.11,0.38,96.69,821.5,22.1,5.978345744
0.208,5.11,2.47,0,92.212,1440.3,12.6,8.347346727
0.201,0.95,0.04,1.24,97.569,701.6,25.8,5.671083712
0.29,2.95,0.06,1.59,95.11,1645,11,9.25693064
0.199,0.94,0.041,2.1,96.72,814,22.2,5.94839693
0.06,1.55,0,1.94,96.45,752.5,24,5.782808382
0.203,1.25,0.042,1.24,97.265,688.9,26.2,5.639198372
0.083,4.62,0,0,95.297,805,22.4,5.91898829
0.092,5.91,0.028,0.017,93.953,1130.7,15.9,7.043474828
0.2,0.951,0.041,1.56,97.248,688.7,26.1,5.630019651
0.16,3.95,0,0.5,95.39,1187,15.1,7.264263799
0.195,1.55,0.04,1.21,97.005,899.6,19.9,6.195637476
0.06,1.55,0,1.94,96.45,662.7,27,5.571362493
0.001,32.3,0,0,67.699,430,41.5,5.572448971
0.12,5.13,0,0.009,94.741,1013,17.6,6.584143668
0.06,1.55,0,1.94,96.45,706.6,25.2,5.647516675
0.06,1.55,0,1.94,96.45,646.7,27.5,5.53087063
0.201,0.95,0.04,1.24,97.569,746,23.8,5.733453802
0.3,6,3,1.5,89.2,905,19.6,6.198590302
0.3,6,3,1.5,89.2,905,19.6,6.198590302
0.05,8.51,0.08,0.29,91.07,1034,17.1,6.650043021
0.22,1.8,0,1.4,96.58,1037.5,17,6.659665843
0.17,1.65,1.11,0.38,96.69,809,21.8,5.890339755
0.19,1.59,0.036,1.63,96.554,1179,14.9,7.207286972
0.075,5.1,2.1,0.49,92.235,821,21.3,5.910505626
0.099,7.09,0.031,0.13,92.65,1016,17.2,6.566738477
0.11,8.1,1.8,0.6,89.39,1455,12,8.373070221
0.2,1.5,0.035,1.49,96.775,873,20,6.068632049
0.2,0.951,0.041,1.56,97.248,676.4,25.8,5.543029961
0.17,1.65,1.11,0.38,96.69,772,22.6,5.767623697
0.195,1.55,0.04,1.21,97.005,846.1,20.6,5.980914278
0.2,1.8,0.036,1.51,96.454,1007,17.3,6.529167416
0.28,4.95,0.06,1.64,93.07,1541,11.3,8.752942105
0,30,0,0,70,551,31.6,5.379230536
0.195,4.52,1.3,0,93.985,1226,14.2,7.388980433
0.2,5,0,0,94.8,879.2,19.8,6.083812494
0.1,4.7,0,0,95.2,906.6,19.2,6.174071014
0.2,2,0,1.5,96.3,1060,16.4,6.725025022
0.201,0.95,0.04,1.24,97.569,676.4,25.7,5.53486754
0.018,17,0,0,82.982,696.4,24.9,5.571198132
0.06,1.55,0,1.94,96.45,687.8,25.2,5.551984512
0.1,6.38,0,0,93.52,1283.8,13.5,7.625554072
0.19,1.59,0.036,1.63,96.554,893,19.4,6.121287483
0.16,2.52,0.055,1.41,95.855,1193,14.5,7.24577826
0.1,4.7,0,0,95.2,903.1,19.1,6.148123349
0.183,1.56,1.73,0.02,96.507,635,27.1,5.438767418
0.17,4.72,0,0,95.11,895,19.2,6.115125636
0.16,1.47,0.046,1.42,96.904,756,22.7,5.694482149
0.17,4.72,0,0,95.11,917,18.7,6.186106487
0.201,1.8,0.041,1.24,96.718,865.2,19.8,6.012671522
0.17,1.65,1.11,0.38,96.69,811.5,21.1,5.845906552
0.195,1.55,0.04,1.21,97.005,764.2,22.4,5.711663169
0.2,3,0.06,1.6,95.14,1069,16,6.738108819
0.17,1.65,1.11,0.38,96.69,818,20.9,5.862611447
0.15,6.09,1.849,0.969,90.942,1400,12.2,8.10991267
0.15,1.5,0.04,1.5,96.81,754.1396009,22.62981535,5.679299767
0.17,1.65,1.11,0.38,96.69,793,21.5,5.784548522
0.203,1.25,0.042,1.24,97.265,767.1,22.2,5.710074671
0.29,2.95,0.06,1.59,95.11,1548,11,8.764025328
0.12,4.89,1.52,0,93.47,877,19.4,6.039983514
0.17,1.65,1.11,0.38,96.69,817.9,20.8,5.853940876
0.06,5.5,0.03,0.2,94.21,1089.9,15.6,6.811662444
0.199,0.94,0.041,2.1,96.72,717.8,23.6,5.573830714
0.19,1.59,0.036,1.63,96.554,1210,14,7.291351621
0.19,1.59,0.036,1.63,96.554,1072,15.8,6.737028471
0.29,2.95,0.06,1.59,95.11,1535,11,8.697965853
0.15,6.09,1.849,0.969,90.942,1350,12.5,7.880325031
0.19,1.59,0.036,1.63,96.554,1045,16.1,6.624315287
0.2,3,0.06,1.6,95.14,1047,16,6.626315862
0.2,3,0.06,1.6,95.14,985,17,6.392887195
0.189,4.45,0.48,0,94.881,1322,12.6,7.746205507
0.092,4.6,0,0,95.308,951,17.5,6.260928367
0.143,7.39,1.55,0.2,90.717,1080,15.4,6.745030771
0.2,0.951,0.041,1.56,97.248,811.3,20.5,5.795915725
0.1,5.25,0,2.09,92.56,1240,13.4,7.394822036
0.2,3,0.06,1.6,95.14,1107,15,6.849581533
0.11,1.53,0.04,1.5,96.82,674.1157903,24.60767306,5.434100007
0.8,15,7,0,77.2,1063,15.5,6.666807725
0.11,1.53,0.043,1.5,96.817,703.4250087,23.367806,5.481831571
0.2,3,0.06,1.6,95.14,1174,14,7.108417691
0.2,5,0,0,94.8,893.1,18.4,6.04017142
0.002,39.7,0,0,60.298,419,39.2,5.328816805
0.183,1.56,1.73,0.02,96.507,623,26.3,5.312490071
0.06,1.54,0,1.02,97.38,602.3,27.2,5.280764852
0.06,1.55,0,1.94,96.45,679.6,24.1,5.420529594
0.203,1.25,0.042,1.24,97.265,853,19.2,5.901702718
0.29,2.95,0.06,1.59,95.11,1632,10,9.109246953
0.17,4.72,0,0,95.11,1101,14.8,6.802767703
0.11,1.53,0.043,1.5,96.817,679.2692009,23.9861897,5.409558963
0.19,1.59,0.036,1.63,96.554,1147,14.2,6.987542086
0.06,1.55,0,1.94,96.45,785.4,20.7,5.680629767
0.203,1.25,0.042,1.24,97.265,687.6,23.6,5.420369473
0.11,4.86,0,0,95.03,1039,15.6,6.553014193
0.19,1.59,0.036,1.63,96.554,1058,15.3,6.625075392
0.1,4.91,0.008,2.04,92.942,1064,15.2,6.647401959
0.82,0.03,0,2.01,97.14,1104.4,14.6,6.803719954
0.05,14.91,0,0,85.04,885.2,18.2,5.983702743
0.16,2.52,0.055,1.41,95.855,1166,13.8,7.051440864
0.25,7.17,2.6,0,89.98,873,18.4,5.938033309
0.3,8.5,5.6,0,85.6,887.4,18.1,5.986719618
0.19,1.59,0.036,1.63,96.554,1178,13.6,7.096093998
0.19,1.59,0.036,1.63,96.554,1082,14.8,6.706219239
0.1,4.7,0,0,95.2,773.2,20.7,5.618635491
0.06,1.54,0,1.02,97.38,581.4,27.5,5.199048807
0.1,6.38,0,0,93.52,787.4,20.3,5.658143079
0.12,4.89,1.52,0,93.47,986,16.2,6.332669323
0.201,0.95,0.04,1.24,97.569,752.8,21.2,5.555785037
0.14,7.14,0.056,0.23,92.434,1533.4,10.4,8.640860929
0.05,14.91,0,0,85.04,881,18.1,5.95419803
0.06,1.54,0,1.02,97.38,615.6,25.9,5.242237301
0.11,1.53,0.043,1.5,96.817,695.9900468,22.8753204,5.403852078
0.075,5.24,0.056,0.006,94.623,887,17.9,5.968362176
0.16,2.52,0.055,1.41,95.855,1163,13.6,7.019871528
0.19,1.59,0.036,1.63,96.554,1245,12.7,7.363092577
0.16,1.47,0.046,1.42,96.904,760,20.8,5.559722138
0.055,5.6,2.2,0.49,91.655,907,17.4,6.029180031
0.29,3,0,1.4,95.31,1409,11.2,8.074021941
0.15,2.55,0.047,1,96.253,968,16.3,6.249364779
0.201,0.95,0.04,1.24,97.569,665.5,23.7,5.316230787
0.17,1.65,1.11,0.38,96.69,807.9,19.5,5.697014419
0.06,1.55,0,1.94,96.45,732.5,21.5,5.47711789
0.2,8.5,3,0,88.3,863.5,18.2,5.873434235
0.16,2.52,0.055,1.41,95.855,1155,13.6,6.979219543
0.15,2.55,0.047,1,96.253,998,15.7,6.352835194
0.075,5.1,2.1,0.49,92.235,972,16.1,6.253365929
0.22,6.83,0,1.53,91.42,1125.9,13.8,6.847672792
0.16,3.95,0,0.5,95.39,1094,14.2,6.718222689
0.12,4.6,1.1,0.55,93.63,1204,12.9,7.171075999
0.17,1.65,1.11,0.38,96.69,784.3,19.8,5.601578329
0.11,1.53,0.043,1.5,96.817,682.2671275,22.7525065,5.324094502
0.31,1.57,0.009,1.51,96.601,972.0461097,15.95128964,6.241461869
0.2,3,0.06,1.6,95.14,1033,15,6.473550677
0.1,4.91,0.008,2.04,92.942,939,16.5,6.118326178
0.28,4.95,0.06,1.64,93.07,1629,9.5,9.053190353
0.8,0.03,0,0.99,98.18,817.4,18.9,5.696314123
0.183,1.56,1.73,0.02,96.507,633,24.4,5.208219049
0.2,3,0.06,1.6,95.14,1187,13,7.092852954
0.29,2.95,0.06,1.59,95.11,1543,10,8.656993626
0.29,3,0,1.4,95.31,1442,10.7,8.20089927
0.195,1.55,0.04,1.21,97.005,697,22.1,5.345699236
0.32,1.42,0,1.56,96.7,1135.265704,13.54170178,6.87418121
0.15,2.55,0.047,1,96.253,1004,15.3,6.350674497
0.11,1.53,0.043,1.5,96.817,678.3831466,22.62981535,5.294343492
0.29,3,0,1.4,95.31,1408,10.9,8.044453179
0.11,4.5,2.2,0.45,92.74,1014,15.1,6.385164635
0.203,1.25,0.042,1.24,97.265,683.4,22.4,5.301078126
0.15,1.52,0.048,0.64,97.642,735.8,20.8,5.436749885
0.21,10.2,1.94,0,87.65,1662,9.2,9.196392525
0.15,1.4,0,1.44,97.01,650,23.5,5.221142725
0.8,0.03,0,0.99,98.18,1059.8,14.4,6.560760298
0.06,1.55,0,1.94,96.45,811.2,18.8,5.656646414
0.6,18,1.5,0,79.9,1191,12.8,7.096854103
0.11,1.53,0.043,1.5,96.817,684.6744965,22.26247718,5.296329286
0.16,1.47,0.046,1.42,96.904,773,19.7,5.535994979
0.16,2.52,0.055,1.41,95.855,1136,13.4,6.866346238
0.2,3,0.06,1.6,95.14,1087,14,6.66632736
0.15,1.52,0.048,0.64,97.642,745.4,20.4,5.452882581
0.7,10.4,9.7,0,79.2,879,17.25553388,5.875106152
0.05,6.15,0,1.5,92.3,1099,13.8,6.710980494
0.2,3,0.06,1.6,95.14,1011,15,6.36175772
0.4,5.17,0.029,0.008,94.393,1528,9.9,8.572608734
0.15,1.52,0.048,0.64,97.642,726.9,20.8,5.391524552
0.092,4.6,0,0,95.308,950,15.9,6.125248129
0.055,5.6,2.2,0.49,91.655,974,15.5,6.214554398
0.11,1.53,0.043,1.5,96.817,673.2862206,22.38480081,5.248444354
0.3,4,1.82,0.6,93.28,1310.1,11.5,7.595949046
0.15,1.52,0.048,0.64,97.642,760.8,19.8,5.482163124
0.14,7,0,0.22,92.64,1565,9.6,8.736136898
0.19,1.59,0.036,1.63,96.554,1088,13.8,6.655084016
0.19,1.59,0.036,1.63,96.554,1182,12.7,7.0429582
0.15,2.55,0.047,1,96.253,1055,14.2,6.520044265
0.06,1.54,0,1.02,97.38,645.6,23.2,5.174296869
0.2,0.951,0.041,1.56,97.248,682.8,21.9,5.257217121
0.2,3,0.06,1.6,95.14,1359,11,7.803622195
0.201,0.95,0.04,1.24,97.569,658.5,22.7,5.199036088
0.15,1.52,0.048,0.64,97.642,726.8,20.5,5.366529139
0.095,5.8,0.028,0.13,93.947,949,15.7,6.103841789
0.17,3.99,0.025,0.5,95.315,901,16.5,5.925229252
0.092,4.6,0,0,95.308,959,15.5,6.138331927
0.06,1.55,0,1.94,96.45,790.4,18.8,5.550951255
0.12,1.51,0.04,0.78,97.55,635.4980488,23.367806,5.136660856
0.17,1.65,1.11,0.38,96.69,777,19.1,5.507346444
0.29,2.95,0.06,1.59,95.11,1648,9,9.10892671
0.19,1.59,0.036,1.63,96.554,1186,12.5,7.046959349
0.11,1.53,0.043,1.5,96.817,719.4594969,20.5627285,5.334348552
0.11,1.53,0.043,1.5,96.817,683.092167,21.65269053,5.238515327
0.15,2.55,0.047,1,96.253,960,15.4,6.135251004
0.15,1.52,0.048,0.64,97.642,778.8,18.9,5.500168298
0.06,5.5,0.03,0.2,94.21,1073.2,13.7,6.571715423
0.82,0.03,0,2.01,97.14,859.8,17.1,5.764846059
0.115,1.54,0.91,0.02,97.415,840,17.4,5.688719661
0.1,4.5,0,0,95.4,900,16.2,5.89566049
0.15,1.52,0.048,0.64,97.642,739.8,19.7,5.367289244
0.11,1.53,0.043,1.5,96.817,696.051503,20.92495977,5.244967717
0.79,2,0,1,96.21,1549.2,9.4,8.639524386
0.15,1.52,0.048,0.64,97.642,742.7,19.6,5.373863167
0.19,1.59,0.036,1.63,96.554,1009,14.4,6.302620196
0.29,3,0,1.4,95.31,1397,10.4,7.947744594
0.11,1.53,0.043,1.5,96.817,696.7479027,20.80409525,5.238641
0.11,1.53,0.043,1.5,96.817,684.6745781,21.1670517,5.206916458
0.092,4.6,0,0,95.308,933,15.5,6.006212977
0.11,1.55,1.5,0.059,96.781,578.7230705,24.98205737,4.979920911
0.19,1.59,0.036,1.63,96.554,989,14.6,6.217315078
1.58,0.43,1.65,0.4,95.94,1471.87,9.81,8.280038068
0.15,1.52,0.048,0.64,97.642,787.6,18.3,5.495910954
0.11,1.55,1.5,0.059,96.781,616.5303775,23.367806,5.040276671
0.11,1.55,1.5,0.059,96.781,604.9048687,23.73846512,5.01145643
0.35,3.5,5.8,0,90.35,947,15.13797635,6.047804055
0.28,6.2,0,1.6,91.92,1212.1,11.8,7.1224495
0.11,1.55,1.5,0.06,96.78,581.0236097,24.60767306,4.961052272
0.15,1.52,0.048,0.64,97.642,754.6,18.9,5.377196045
0.15,1.52,0.048,0.64,97.642,747.7,19,5.35029613
0.1,5.25,0,2.09,92.56,978,14.5,6.153256178
0.18,2.7,0,1.7,95.42,1232,11.5,7.199084048
0.15,6,1,1.5,91.35,950.2,14.9,6.044640217
0.115,1.51,0.38,0.49,97.505,667.7557873,21.1670517,5.120943656
0.11,1.55,1.5,0.059,96.781,598.3102903,23.61478851,4.967851087
0.092,5.91,0.028,0.017,93.953,1331,10.6,7.628690565
0.06,1.54,0,1.02,97.38,762.6,18.5,5.385198345
0.075,5.24,0.056,0.006,94.623,887,15.9,5.805113752
0.183,1.56,1.73,0.02,96.507,986,14.3,6.17758332
0.2,3,0.06,1.6,95.14,1083,13,6.564377156
0.32,5.8,5,0,88.88,1058.3,13.3,6.463351417
0.31,8.8,5.1,0,85.79,1150,12.2,6.839538156
0.1,5.18,0.026,0.12,94.574,597,23.5,4.951823327
0.05,18.66,0,0,81.29,697.9,20.1,5.18702416
0.15,1.52,0.048,0.64,97.642,746,18.8,5.325332741
0.01,0,0,1.92,98.07,378.9,37,4.945475466
0.099,7.09,0.031,0.13,92.65,801,17.5,5.498703658
0.16,3.95,0,0.5,95.39,921.8,15.2,5.924812935
0.15,1.52,0.048,0.64,97.642,751.9,18.6,5.338988737
0.05,18.66,0,0,81.29,695.7,20.1,5.175844864
0.11,1.53,0.043,1.5,96.817,700.4752064,19.96141939,5.188798533
0.17,1.65,1.11,0.38,96.69,964.3,14.5,6.083639654
0.195,4.52,1.3,0,93.985,702,19.9,5.19153346
0.11,1.55,1.5,0.059,96.781,594.3741651,23.49123551,4.937764758
0.3,9.3,2.15,0.028,88.222,1182.3,11.8,6.971020858
0.11,1.55,1.5,0.059,96.781,552.653075,25.23227162,4.86786982
0.01,0,0,1.92,98.07,420.6,33.1,4.839039507
0.15,4.02,0.027,0.49,95.313,953,14.6,6.034381148
0.01,0,0,1.92,98.07,416.2,33.4,4.841168179
0.018,31.6,0,6.45,61.932,695,20,5.164125394
0.06,1.54,0,1.02,97.38,661.7,21,5.076535721
0.4,6.25,2.24,0,91.11,1085.6,12.8,6.561264208
0.19,1.59,0.036,1.63,96.554,1186,11.7,6.98165998
0.17,1.65,1.11,0.38,96.69,912.5,15.2,5.877555004
0.17,1.65,1.11,0.38,96.69,940.6,14.7,5.979532993
0.11,1.55,1.5,0.059,96.781,566.265136,24.35870676,4.865735439
0.201,0.95,0.04,1.24,97.569,656.5,21,5.050111931
0.28,2.56,0.049,1.56,95.551,1590.826958,8.654180855,8.790174792
0.11,1.53,0.043,1.5,96.817,680.4402939,20.20158231,5.106594274
0.092,4.6,0,0,95.308,961,14.3,6.050545868
0.1,5.25,0,2.09,92.56,922,14.9,5.901341971
0.189,4.45,0.48,0,94.881,1477,9.3,8.264477805
0.11,1.53,0.043,1.5,96.817,700.6567437,19.60207442,5.160389764
0.2,3,0.06,1.6,95.14,1373,10,7.793138956
0.32,3.85,4.18,1.53,90.12,1141.2,12,6.77849613
0.28,4.08,0,1.42,94.22,1396.3,9.8,7.895213018
0.29,2.95,0.06,1.59,95.11,1709,8,9.337273879
0.75,18,1.7,0.5,79.05,1519.1,9,8.45392161
0.2,3,0.06,1.6,95.14,1136,12,6.75207234
0.01,0,0,1.92,98.07,434.9,31.3,4.764781347
0.01,0,0,1.92,98.07,459.6,29.5,4.743370768
0.11,4.86,0,0,95.03,1027,13.2,6.296138107
0.19,4.02,0.031,0.5,95.259,927,14.6,5.902262198
0.28,4.08,0,1.42,94.22,1394.8,9.7,7.87942835
0.06,1.54,0,1.02,97.38,642.3,21,4.977954659
0.06,5.5,0.03,0.2,94.21,1053.3,12.8,6.397131821
0.79,2,0,1,96.21,1182,11.4,6.936846724
0.11,1.55,1.5,0.059,96.781,575.3526978,23.367806,4.831032372
0.82,0.03,0,2.01,97.14,1840.1,7.3,9.946321326
0.115,1.51,0.38,0.49,97.505,693.4303276,19.36310931,5.104163407
0.2,3,0.06,1.6,95.14,1342,10,7.635612516
0.2,3,0.06,1.6,95.14,1029,13,6.28997626
0.189,4.45,0.48,0,94.881,726,18.4,5.191053095
0.18,6.4,2.8,0.5,90.12,717,18.6,5.161644455
0.06,1.54,0,1.02,97.38,723.7,18.4,5.179365649
0.21,10.2,1.94,0,87.65,1685,7.9,9.207155504
0.14,7.39,1.55,0.2,90.72,930,14.3,5.893019429
0.1,5.25,0,2.09,92.56,943,14.1,5.942754061
0.19,1.59,0.036,1.63,96.554,1241,10.7,7.179518161
0.092,5.91,0.028,0.017,93.953,1427.2,9.3,8.011419202
0.17,4.72,0,0,95.11,809,16.4,5.449569009
1.5,0.5,1.6,0,96.4,1205,11,7.021071494
0.06,5.5,0.03,0.2,94.21,1204.6,11,7.019038895
0.15,1.5,0.04,1.5,96.81,748.0650414,17.70366897,5.246339088
0.075,5.1,2.1,0.49,92.235,1009,13.1,6.19650872
0.11,1.55,1.5,0.059,96.781,586.9856834,22.50724682,4.819902901
0.2,3,0.06,1.6,95.14,1318,10,7.513656563
0.82,0.03,0,2.01,97.14,1050.8,12.5,6.359940812
0.115,1.51,0.38,0.49,97.505,641.9675436,20.44222604,4.930737422
0.2,3,0.06,1.6,95.14,1458,9,8.143442079
0.11,1.55,1.5,0.059,96.781,545.0607053,23.9861897,4.727578753
0.19,1.59,0.036,1.63,96.554,1304,10,7.44251559
0.06,22,0,0,77.94,660.6987372,19.72173631,4.96711054
0.12,5.13,0,0.009,94.741,1205,10.8,7.004746652
0.01,0,0,0.98,99.01,355.5,36.6,4.793918726
0.2,3,0.06,1.6,95.14,1445,9,8.077382604
0.2,3,0.06,1.6,95.14,1445,9,8.077382604
0.12,5.8,3.1,0.47,90.51,1161,11.2,6.813810422
0.11,1.55,1.5,0.059,96.781,564.9673548,22.99825718,4.74809514
0.32,1.42,0,1.56,96.7,1204.641422,10.73834717,6.997892175
0.06,1.54,0,1.02,97.38,686.9,18.8,5.025016206
0.19,1.59,0.036,1.63,96.554,1229,10.5,7.102215342
0.19,1.59,0.036,1.63,96.554,1088,11.8,6.491835591
0.2,0.951,0.041,1.56,97.248,670.9,19.1,4.9681995
0.199,0.94,0.041,2.1,96.72,670.9,19.1,4.9681995
0.32,1.42,0,1.56,96.7,1256.965068,10.18603736,7.21869283
0.092,4.6,0,0,95.308,977,13.1,6.033900783
0.11,4.86,0,0,95.03,777,16.4,5.286961071
1.58,0.43,1.65,0.4,95.94,1467.54613,8.68216,8.16600728
0.12,1.5,0.05,1.2,97.13,677,18.8,4.974709375
0.2,3,0.06,1.6,95.14,1271,10,7.274826154
0.1,6.38,0,0,93.52,1270.1,10,7.270252806
0.32,3.85,4.18,1.53,90.12,895.1,14.1,5.699350304
0.01,0,0,0.98,99.01,362.6,34.8,4.683073781
0.29,3,0,1.4,95.31,1433,8.8,8.000079785
0.16,3.95,0,0.5,95.39,1465,8.6,8.14636288
0.01,0,0,0.98,99.01,350.6,35.9,4.711882437
0.15,6,3,1.5,89.35,856,14.7,5.549638257
0.12,5.8,3.1,0.47,90.51,854,14.7,5.539475261
0.092,4.6,0,0,95.308,950,13.2,5.904862756
0.19,1.59,0.036,1.63,96.554,1334,9.4,7.545986004
0.17,1.63,0.036,0.28,97.884,1008,12.4,6.134290274
0.17,1.65,1.11,0.38,96.69,868,14.4,5.58612897
0.11,1.55,1.5,0.059,96.781,583.0674304,21.4096283,4.710400059
0.1,5.25,0,2.09,92.56,898,13.9,5.697761806
0.17,1.65,1.11,0.38,96.69,866.5,14.4,5.578506723
0.128,1.56,0.515,0.005,97.792,595.4105764,20.92495977,4.733561044
0.15,1.52,0.048,0.64,97.642,741.2,16.8,5.137693126
0.18,3.34,6.57,0,89.91,640,19.4,4.835668474
0.15,1.52,0.048,0.64,97.642,802.7,15.4,5.335931359
0.01,0,0,0.98,99.01,327.6,37.7,4.741931564
0.115,1.51,0.38,0.49,97.505,711.7104925,17.3510871,5.032824301
0.1,4.7,0,0,95.2,868.9,14.2,5.574377476
0.17,4.72,0,0,95.11,1326,9.3,7.497171599
0.115,1.51,0.38,0.49,97.505,631.8915297,19.48253212,4.801201918
0.17,2.07,0,0.57,97.19,1024,12,6.182944558
0.2,3,0.06,1.6,95.14,1228,10,7.056321737
0.175,2.1,0.024,0.31,97.391,775.2379917,15.8353963,5.231922098
0.19,1.59,0.036,1.63,96.554,1058,11.6,6.323065807
0.19,1.59,0.036,1.63,96.554,1086,11.3,6.440860489
0.19,1.59,0.036,1.63,96.554,1408,8.7,7.864879912
0.15,1.41,0,1.24,97.2,628,19.5,4.782852918
0.28,4.95,0.06,1.64,93.07,1113,11,6.553573673
0.82,0.03,0,2.01,97.14,1188.6,10.3,6.880597978
0.115,1.51,0.38,0.49,97.505,626.0329328,19.48253212,4.771431469
0.19,1.59,0.036,1.63,96.554,944,12.9,5.849886504
0.11,1.55,1.5,0.059,96.781,540.9475906,22.50724682,4.585960422
0.19,1.59,0.036,1.63,96.554,1368,8.9,7.677944832
0.195,1.55,0.04,1.21,97.005,764.9,15.9,5.184662839
0.19,1.59,0.036,1.63,96.554,1393,8.7,7.788657441
0.19,1.59,0.036,1.63,96.554,1424,8.5,7.929859038
0.19,1.59,0.036,1.63,96.554,1338,9,7.533662312
0.1,5.25,0,2.09,92.56,919,13.1,5.739173895
0.095,5.8,0.028,0.13,93.947,708,17,4.985312233
0.19,1.59,0.036,1.63,96.554,1432,8.4,7.962348602
0.23,1.6,0.05,0.74,97.38,1352.050083,8.87170667,7.594585937
0.19,1.59,0.036,1.63,96.554,1331,9,7.498091825
0.17,2.07,0,0.57,97.19,1196,10,6.8937138
0.19,1.59,0.036,1.63,96.554,1384,8.6,7.734761537
0.82,0.97,0,0.03,98.18,999.8,11.9,6.051809884
0.18,3.34,6.57,0,89.91,704,16.9,4.956823819
0.06,1.54,0,1.02,97.38,814.3,14.6,5.329577367
0.77,1.96,0,0.03,97.24,1794.3,6.6,9.656451766
1.58,0.43,1.65,0.4,95.94,930,12.72007,5.764058887
0.19,1.59,0.036,1.63,96.554,1390,8.5,7.757088104
0.1,3.5,0,0,96.4,836.2922116,14.11083193,5.401402789
0.19,1.59,0.036,1.63,96.554,1370,8.6,7.663620565
0.82,0.03,0,2.01,97.14,1929.7,6.1,10.3036745
0.05,12,3,0,84.95,827,14.2,5.361462707
0.203,1.25,0.042,1.24,97.265,655,17.9,4.789454627
0.79,2,0,1,96.21,976.5,12,5.9415734
1.7,0,1.5,0,96.8,1100,10.65141,6.459060814
0.19,1.59,0.036,1.63,96.554,1179,9.9,6.799165911
0.28,4.95,0.06,1.64,93.07,1165,10,6.73618736
0.19,1.59,0.036,1.63,96.554,1384,8.4,7.718436695
0.088,2.07,0.036,0.31,97.496,702.8082422,16.53249789,4.920770834
0.16,1.4,0,1.71,96.73,645,18,4.746802067
0.17,1.65,1.11,0.38,96.69,1044.6,11.1,6.214161627
0.128,1.56,0.515,0.005,97.792,624.3963308,18.53048513,4.685404993
0.79,2,0,1,96.21,1923.4,6,10.26349864
0.05,6.15,0,1.5,92.3,1213,9.5,6.93928716
0.3,4,1.82,0.6,93.28,858.8,13.4,5.457754976
0.35,1.1,4.1,0.38,94.07,814.5,14.1,5.28978156
0.195,4.52,1.3,0,93.985,683,16.8,4.841949939
0.092,4.6,0,0,95.308,955,12,5.832321192
0.19,1.59,0.036,1.63,96.554,1569,7.3,8.568727202
0.01,0,0,0.98,99.01,303.7,37.7,4.62048376
0.1,3.5,0,0,96.4,655.0692487,17.46849688,4.754585412
0.01,0,0,1,98.99,393,29,4.364130891
0.1,5.18,0.026,0.12,94.574,651,17.5,4.736478949
0.19,4.39,0.01,0,95.41,1353,8.4,7.560910255
0.12,4.6,1.1,0.55,93.63,988,11.5,5.959198522
0.29,2.95,0.06,1.59,95.11,874,13,5.502344061
0.128,1.56,0.515,0.005,97.792,576.0858648,19.72173631,4.537150393
0,0,0,0,100,283.5,40,4.705573188
0.12,4.89,1.52,0,93.47,667,17,4.776970812
0.19,1.59,0.036,1.63,96.554,1118,10.1,6.505519372
0.32,1.61,0.06,0.74,97.27,1960.102629,5.759768374,10.43039426
0.17,1.65,1.11,0.38,96.69,903,12.5,5.608895399
0.17,4.72,0,0,95.11,1252,9,7.096653479
0.19,1.59,0.036,1.63,96.554,1138,9.9,6.590824491
0.32,5.8,5,0,88.88,833.4,13.5,5.336847346
0.28,4.95,0.06,1.64,93.07,1124,10,6.527845939
0.1,1,0.0026,0.1,98.7974,697,16.1,4.855953963
0.17,1.41,0,1.07,97.35,630,17.8,4.654254754
0.115,1.54,0.91,0.02,97.415,544,20.6,4.445793715
0.115,1.54,0.91,0.02,97.415,544,20.6,4.445793715
0.12,0.87,0.02,0.25,98.74,840.1370513,13.31484531,5.355968553
0.06,1.54,0,1.02,97.38,788.6,14.1,5.158170761
0.1,4.91,0.008,2.04,92.942,1208,9.2,6.889392406
0.099,7.09,0.031,0.13,92.65,1368,8.1,7.612645462
0.19,1.59,0.036,1.63,96.554,1045,10.6,6.17538212
0.5,12,7,0,80.5,1064,10.4,6.255605741
0.05,5,0,0.2,94.75,863.1,12.8,5.43063089
0.16,1.47,0.046,1.42,96.904,754,14.6,5.023163034
0.17,3.3,1.7,0.22,94.61,957,11.5,5.801672082
0.2,2,0,1.5,96.3,1057,10.4,6.220035254
0.115,1.54,0.91,0.02,97.415,543,20.2,4.408062532
0.11,4.5,2.2,0.45,92.74,772,14.2,5.081980314
0.8,0.03,0,0.99,98.18,976.5,11.2,5.87627403
0.128,1.56,0.515,0.005,97.792,590.1435392,18.53048513,4.511349499
0.19,1.59,0.036,1.63,96.554,1071,10.2,6.274851385
0.29,2.95,0.06,1.59,95.11,910,12,5.603653779
0.19,1.59,0.036,1.63,96.554,1400,7.8,7.750766137
0.82,0.97,0,0.03,98.18,1705.8,6.4,9.190414346
0.2,3,0.06,1.6,95.14,1362,8,7.573994053
0.11,1.6,0.06,0.73,97.5,725.0447683,15.02737989,4.910911627
0.055,5.6,2.2,0.49,91.655,1008,10.8,6.003691534
0.32,1.42,0,1.56,96.7,1415.295661,7.68068055,7.818751654
0.77,1.96,0,0.03,97.24,1143.2,9.5,6.584598596
0.19,1.59,0.036,1.63,96.554,1097,9.9,6.382483071
0.18,3.34,6.57,0,89.91,635,17.1,4.622525296
0.2,3,0.06,1.6,95.14,1356,8,7.543505064
1.8,0,2.6,0,95.6,1010,10.7,6.005692109
0.19,1.59,0.036,1.63,96.554,1589,6.8,8.629545057
0.1,5.25,0,2.09,92.56,1385,7.8,7.674543666
0,0,0,0,100,269.7,40,4.635448514
0.1,4.5,0,0,95.4,1096,9.8,6.369239151
0.15,1.7,0,0.5,97.65,1052.764967,10.18603736,6.181050411
0.095,5.8,0.028,0.13,93.947,748,14.3,4.968186782
0.29,2.95,0.06,1.59,95.11,891,12,5.507105316
0.8,0.03,0,0.99,98.18,1162.1,9.2,6.656151646
0.78,0.03,0,0.03,99.16,568.2,18.8,4.421842386
0,0,0,0,100,250.8,42.5,4.743468732
0.088,2.07,0.036,0.31,97.496,571.4330268,18.6490749,4.425951863
0.29,2.95,0.06,1.59,95.11,888,12,5.491860822
0.11,1.6,0.06,0.73,97.5,708.5269619,15.02737989,4.826976425
0.19,1.59,0.036,1.63,96.554,1157,9.2,6.630236005
0.1,3.5,0,0,96.4,947.8136941,11.18218765,5.729050704
0.29,2.95,0.06,1.59,95.11,883,12,5.466453332
0.28,4.95,0.06,1.64,93.07,1177,9,6.715541124
0.1,3.5,0,0,96.4,586.4948126,18.05731017,4.454185968
0.1,5.18,0.026,0.12,94.574,846,12.5,5.31925001
0.29,2.95,0.06,1.59,95.11,881,12,5.456290336
0.01,0,0,0,99.99,296,35.7,4.418107801
0.29,2.95,0.06,1.59,95.11,880,12,5.451208838
0.19,1.59,0.036,1.63,96.554,1424,7.4,7.840072405
0.29,2.95,0.06,1.59,95.11,877,12,5.435964343
0.15,1,0.0026,0.1,98.7474,907,11.6,5.5557596
0.15,1.5,0.04,1.5,96.81,959.2642066,10.96004549,5.769104282
1.7,0,1.5,0,96.8,1050,10,6.151815083
0.29,2.95,0.06,1.59,95.11,874,12,5.420719849
0.1,0.7,0,0.2,99,654.8,16,4.633352324
0.29,2.95,0.06,1.59,95.11,873,12,5.415638351
0.17,1.65,1.11,0.38,96.69,986.3,10.6,5.877098184
0.12,0.87,0.02,0.25,98.74,907.4911825,11.51623503,5.551418294
0.16,1.39,0,1.96,96.49,600,17.4,4.469160127
0.05,12,3,0,84.95,777.8,13.4,5.046153633
0.25,4,1.88,0.6,93.27,913,11.4,5.569923746
0.19,4.39,0.01,0,95.41,1601,6.5,8.66603577
0.79,2,0,1,96.21,1702.7,6.1,9.150174438
0.29,2.95,0.06,1.59,95.11,865,12,5.374986367
0.28,4.95,0.06,1.64,93.07,1153,9,6.593585171
0.79,2,0,1,96.21,1914.1,5.4,10.16726618
0.1,4.7,0,0,95.2,764.1,13.5,4.984699531
1.8,0.5,1.6,0,96.1,1131,9.1,6.489954635
0.32,1.42,0,1.56,96.7,1285.135117,8.004207639,7.183748743
0.1,6.38,0,0,93.52,1350.5,7.6,7.48290714
0.1,6.38,0,0,93.52,1405.8,7.3,7.739426719
0.28,4.95,0.06,1.64,93.07,1135,9,6.502118206
0.28,4.95,0.06,1.64,93.07,1132,9,6.486873712
0.19,1.59,0.036,1.63,96.554,1143,8.9,6.534607769
0.128,1.56,0.515,0.005,97.792,548.8883297,18.53048513,4.301711232
0.092,5.91,0.028,0.017,93.953,781.2,13,5.030781042
0.1,5.25,0,2.09,92.56,914,11.1,5.550517981
0.82,0.97,0,0.03,98.18,790.9,12.8,5.06374673
0.19,1.59,0.036,1.63,96.554,1249,8.1,7.007947193
0.19,1.59,0.036,1.63,96.554,1385,7.3,7.63373156
0.1,6.38,0,0,93.52,808.7,12.5,5.129710132
0.7,10.4,9.7,0,79.2,763,13.2472616,4.95848031
1.5,0.5,1.6,0,96.4,1231.2,8.2,6.925658949
0.17,1.63,0.036,0.28,97.884,893,11.3,5.460131364
0.28,4.95,0.06,1.64,93.07,1118,9,6.415732739
0.2,3,0.06,1.6,95.14,1432,7,7.848074705
0.15,7,0,0.2,92.65,953.6,10.5,5.702770776
0.017,4.5,7.9,0,87.583,592.2,16.9,4.388712336
1.5,0.5,1.6,0,96.4,1041.8,9.6,6.077497114
0.01,0,0,1,98.99,294,34,4.269183644
0.29,2.95,0.06,1.59,95.11,908,11,5.511866571
0.78,0.03,0,0.03,99.16,761.2,13.1,4.937313502
0.6,18,1.5,0,79.9,1344.7,7.4,7.437109609
0.1,6.38,0,0,93.52,776.4,12.8,4.990065009
0.31,8.8,5.1,0,85.79,1090,9.1,6.281613214
0.12,0.87,0.02,0.25,98.74,784.8220959,12.63699183,5.019556459
0.79,2,0,1,96.21,1204.5,8.2,6.789982951
0.15,7,1,0.3,91.55,1566.7,6.3,8.475415545
0.19,4.99,0,1.98,92.84,1617,6.1,8.714690054
0.17,4.72,0,0,95.11,1059,9.3,6.140411617
0,0,0,0,100,483.9,20.3,4.115908418
0.12,0.87,0.02,0.25,98.74,992.2082108,9.855974592,5.846390258
0.1,4.5,0,0,95.4,1253,7.8,7.003785922
0.15,1.7,0,0.5,97.65,893.1057037,10.84914091,5.423867479
0.19,4.99,0,1.98,92.84,1064,9.1,6.149494265
0.2,3,0.06,1.6,95.14,1382,7,7.593999802
0.011,5.22,0.019,0.006,94.744,792,12.2,5.020361851
0.189,4.45,0.48,0,94.881,737,13.1,4.814341249
0.19,1.59,0.036,1.63,96.554,1135,8.5,6.4613061
0.16,1.47,0.046,1.42,96.904,725,13.3,4.769688114
0.77,1.96,0,0.03,97.24,1268.2,7.6,7.06469985
0.088,2.07,0.036,0.31,97.496,820.6588328,11.73949069,5.128402944
0.128,1.56,0.515,0.005,97.792,534.2578229,17.93931187,4.179112289
0.35,3.5,5.8,0,90.35,824,11.61629435,5.135325275
0.095,5.8,0.028,0.13,93.947,1181,8.1,6.662405325
0.2,5,0,0,94.8,934.7,10.2,5.582243199
0.17,5.6,1.2,0,93.03,1058.6,9,6.113891754
0.002,0.17,0,0.01,99.818,294.2,32.3,4.131438783
0.09,1.34,0,0.012,98.558,719.0711905,13.2015871,4.731528005
0.1,5.25,0,2.09,92.56,998,9.5,5.846765078
0.32,5.8,5,0,88.88,724,13,4.740119353
0.19,1.59,0.036,1.63,96.554,1219,7.7,6.822852567
0.14,7.39,1.55,0.2,90.72,919,10.2,5.50246368
0.15,7,1,0.3,91.55,1801.7,5.2,9.579780955
0.12,0.87,0.02,0.25,98.74,746.5046842,12.52441114,4.815657295
1.5,0.5,1.6,0,96.4,1460,6.4,7.941382123
0,0,0,0,100,214.8,43.5,4.642159014
0.77,1.96,0,0.03,97.24,849.2,11,5.213074485
0.05,6.15,0,1.5,92.3,1348,6.9,7.413066447
0.002,0.17,0,0.01,99.818,350.9,26.5,3.946139292
0.32,1.61,0.06,0.74,97.27,1887.204898,4.917065532,9.991179627
0.11,1.6,0.06,0.73,97.5,617.2443471,15.02737989,4.363123996
0.12,0.87,0.02,0.25,98.74,880.4068077,10.51709181,5.332234817
1.64,0,0,0,98.36,761.22182,12.15548,4.860328679
0.32,1.61,0.06,0.74,97.27,1699.496982,5.442964512,9.080268306
0.195,1.55,0.04,1.21,97.005,1467.2,6.3,7.969806488
0.16,4.7,1.6,0.22,93.32,1215,7.6,6.794364153
0.19,1.59,0.036,1.63,96.554,1510,6.1,8.170969762
0.1,0.7,0,0.2,99,568.3,16.2,4.210127584
0.28,4.95,0.06,1.64,93.07,1150,8,6.496716464
0.28,4.95,0.06,1.64,93.07,1145,8,6.471308974
0.12,0.87,0.02,0.25,98.74,972.4227811,9.417428371,5.710054646
0.002,0.17,0,0.01,99.818,321.9,28.4,3.953861852
0.175,2.1,0.024,0.31,97.391,978.8847637,9.308065633,5.73396455
0.052,1.61,0.033,0.77,97.535,507.8883287,17.93931187,4.045115755
0.12,0.87,0.02,0.25,98.74,838.9780853,10.84914091,5.148818091
1.8,0.5,1.6,0,96.1,1376.2,6.6,7.531877428
1.5,0.5,1.6,0,96.4,1374.2,6.6,7.521714432
0.12,5.13,0,0.009,94.741,762,11.9,4.843429646
0.19,4.39,0.01,0,95.41,737,12.3,4.749041879
0.12,4.6,1.1,0.55,93.63,1461,6.2,7.930138779
1.8,0.5,1.6,0,96.1,857.1,10.5,5.212406214
0.1,0.7,0,0.2,99,636.5,14.1,4.385274906
0.19,4.99,0,1.98,92.84,1855,4.8,9.817975116
0.189,4.45,0.48,0,94.881,781,11.4,4.899166003
0.77,1.96,0,0.03,97.24,1504.8,5.9,8.12822113
0.17,4.72,0,0,95.11,785,11.3,4.911329574
0.77,1.96,0,0.03,97.24,1673.5,5.3,8.936495325
0.11,4.86,0,0,95.03,760,11.6,4.808779386
0.1,0.7,0,0.2,99,667.6,13.2,4.469847705
0.77,1.96,0,0.03,97.24,1087.9,8.1,6.189317856
0.8,0.03,0,0.99,98.18,1631.8,5.4,8.732759277
0.17,1.65,1.11,0.38,96.69,988,8.9,5.74697557
0.12,5.13,0,0.009,94.741,785,11.2,4.903167152
0.12,0.87,0.02,0.25,98.74,909.3688341,9.636482208,5.407526233
0.82,0.03,0,2.01,97.14,1577.7,5.5,8.466012653
0.17,1.49,0.033,0.22,98.087,1005,8.6,5.808873773
0.16,3.95,0,0.5,95.39,1726,5,9.178786709
0.063,1.29,0.005,0.24,98.402,470.5239444,18.29366106,3.884172182
0.0035,0.1,6.81,0.008,93.0785,465,18.5,3.872944523
0.15,1.5,0.04,1.5,96.81,1004.278562,8.545580983,5.800765879
0.18,3.34,6.57,0,89.91,648,13.2,4.370250343
0.19,1.59,0.036,1.63,96.554,1155,7.4,6.473149427
0.12,0.87,0.02,0.25,98.74,728.313152,11.62780705,4.650032457
0.17,1.65,1.11,0.38,96.69,961,8.8,5.601612701
0.35,1.1,4.1,0.38,94.07,674.4,12.5,4.447264943
0.06,5.5,0.03,0.2,94.21,1014.6,8.3,5.833168891
0.195,4.52,1.3,0,93.985,711,11.8,4.576110823
0.1,4.5,0,0,95.4,710,11.8,4.571029325
0.7,12,5.5,0,81.8,1416.8,5.9,7.681049301
0.1,0.7,0,0.2,99,511.1,16.3,3.927628316
0.12,0.87,0.02,0.25,98.74,878.287869,9.417428371,5.231708273
0.12,0.87,0.02,0.25,98.74,802.3842798,10.29627851,4.917739782
0.2,3,0.06,1.6,95.14,1371,6,7.456479111
0.78,0.03,0,0.03,99.16,1060,7.7,6.014894376
0.17,2.07,0,0.57,97.19,1271,6.4,6.98097899
0.195,1.55,0.04,1.21,97.005,1448.6,5.6,7.818153675
0.011,5.22,0.019,0.006,94.744,825,9.8,4.992153178
0.09,1.34,0,0.012,98.558,792.2963934,10.18603736,4.857479859
0.195,4.52,1.3,0,93.985,849,9.5,5.089621867
0.06,5.5,0.03,0.2,94.21,1412.7,5.7,7.643890316
0.046,2.11,0.028,0.31,97.506,642.527246,12.52441114,4.287296145
0.046,2.11,0.028,0.31,97.506,604.2318112,13.2015871,4.147971922
0.17,1.65,1.11,0.38,96.69,1084,7.3,6.104200644
0.195,4.52,1.3,0,93.985,753,10.5,4.683422266
0.11,4.86,0,0,95.03,780,10.1,4.787973029
0.12,0.87,0.02,0.25,98.74,808.2286348,9.746173527,4.902535974
0.12,0.87,0.02,0.25,98.74,707.6550748,11.07106104,4.499614523
0.01,0,0,0,99.99,206,37.6,4.115858979
0.11,4.86,0,0,95.03,812,9.5,4.901606439
0.002,0.17,0,0.01,99.818,265,29,3.713699139
0.15,7,1,0.3,91.55,1667.5,4.6,8.848869388
0.12,0.87,0.02,0.25,98.74,681.7638832,11.18218765,4.377119106
0.16,3.95,0,0.5,95.39,1694,4.5,8.975366665
0.23,1.6,0.05,0.74,97.38,1099.789557,6.929547817,6.154197379
0.19,1.59,0.036,1.63,96.554,1463,5.2,7.858677562
0.05,12,3,0,84.95,938,8.1,5.427601297
0.195,1.55,0.04,1.21,97.005,1430.2,5.3,7.700166847
0.195,1.55,0.04,1.21,97.005,1427.9,5.3,7.688479402
1.5,0.5,1.6,0,96.4,1527,4.9,8.159406175
1.5,0,1,0,97.5,970,7.7,5.55755955
0.195,1.55,0.04,1.21,97.005,1434.8,5.2,7.715379317
0.19,1.59,0.036,1.63,96.554,1407,5.3,7.582276092
0.1,4.5,0,0,95.4,730,10.2,4.542060547
0.35,1.1,4.1,0.38,94.07,715.4,10.4,4.484195518
0.05,12,3,0,84.95,941,7.9,5.426520949
3.35,0.3,0,2.25,94.1,390,19,3.532644275
0.17,1.65,1.11,0.38,96.69,1102,6.7,6.146693082
0.17,1.49,0.033,0.22,98.087,1037,7.1,5.849045393
1.8,0.5,1.6,0,96.1,1290.5,5.7,7.022931254
0.09,1.34,0,0.012,98.558,859.5467375,8.545580983,5.065311393
0.12,0.87,0.02,0.25,98.74,744.6112995,9.855974592,4.588227034
0.12,0.87,0.02,0.25,98.74,855.8616496,8.545580983,5.046585626
0.82,0.97,0,0.03,98.18,1584.9,4.6,8.429137648
0.17,3.99,0.025,0.5,95.315,922,7.9,5.329972486
0.195,1.55,0.04,1.21,97.005,1009.2,7.2,5.715942168
0.04,0.13,9.74,0.007,90.083,626,11.6,4.127858646
0.12,0.87,0.02,0.25,98.74,815.6389085,8.87170667,4.868813598
0.002,0.15,0.058,0.002,99.788,296,24.4,3.495754203
0.18,3.34,6.57,0,89.91,631,11.4,4.136941294
0.8,0.03,0,0.99,98.18,1752.6,4.1,9.240492767
0.15,4.02,0.027,0.49,95.313,979,7.3,5.570643348
0.17,1.49,0.033,0.22,98.087,964,7.4,5.502583298
0.12,5.13,0,0.009,94.741,719,9.9,4.461676805
0.172,1.387,0,0.252,98.189,559.3189145,12.63699183,3.87366248
0.195,1.55,0.04,1.21,97.005,1102.9,6.4,6.126779166
0.2,3,0.06,1.6,95.14,1410,5,7.573033323
0.17,1.63,0.036,0.28,97.884,665,10.6,4.244412858
0.28,4.95,0.06,1.64,93.07,1174,6,6.455423993
0.19,1.59,0.036,1.63,96.554,1192,5.9,6.538728537
0.023,2.05,0.038,0.31,97.579,558.9898171,12.52441114,3.862800862
0.1,5.18,0.026,0.12,94.574,1028,6.8,5.778824647
0.2,3,0.06,1.6,95.14,1398,5,7.512055346
0.19,1.59,0.036,1.63,96.554,1483,4.7,7.919495418
0.195,1.55,0.04,1.21,97.005,1039.1,6.7,5.827066854
0.19,1.59,0.036,1.63,96.554,1785,3.9,9.388808461
0.11,2.132,0,0.639,97.119,730.4141687,9.526900526,4.48922393
0.78,0.03,0,0.03,99.16,1351.6,5.1,7.284436258
0.195,1.55,0.04,1.21,97.005,1059.7,6.5,5.915420871
0.15,1.4,0,0.26,98.19,470,14.6,3.580017585
0.12,5.13,0,0.009,94.741,753,9.1,4.569148369
0.7,10.4,9.7,0,79.2,877,7.8,5.093142652
0.1,5.25,0,2.09,92.56,1589,4.3,8.425484527
0.19,1.59,0.036,1.63,96.554,1307,5.2,7.065963865
0.15,1.7,0,0.5,97.65,1122.943437,5.971499571,6.193653845
0.195,1.55,0.04,1.21,97.005,1057.6,6.3,5.888424883
0.15,4.02,0.027,0.49,95.313,1008,6.6,5.660869843
0.23,1.6,0.05,0.74,97.38,1289.8671,5.127109638,6.972953447
0.7,10.4,9.7,0,79.2,671,9.810024595,4.210420726
0.088,2.07,0.036,0.31,97.496,903.4896115,7.250818125,5.182923024
0.19,1.59,0.036,1.63,96.554,1248,5.2,6.76615548
0.82,0.97,0,0.03,98.18,1118,5.8,6.15453526
0.19,4.02,0.031,0.5,95.259,942,6.8,5.341815814
0.004,29.99,1.98,4.06,63.966,1049,6,5.820236736
0.166,1.03,0,0.24,98.564,1069,5.87,5.91125555
0.0015,0.1,8.1,0.007,91.7915,527,11.9,3.649277602
0.17,1.49,0.033,0.22,98.087,870,7.2,5.008597638
0.19,1.59,0.036,1.63,96.554,1388,4.5,7.42042826
0,0,0,0,100,230.8,27,3.376663481
0.59,21.95,0.01,3.04,74.41,1351,4.6,7.240575253
0.19,4.02,0.031,0.5,95.259,1514,4.1,8.02804733
0.8,0.03,0,0.99,98.18,1405.8,4.4,7.502716504
0.12,5.13,0,0.009,94.741,1203,5.1,6.529325646
3.41,0.12,0,3.2,93.27,470,13,3.449418846
0.17,3.99,0.025,0.5,95.315,946,6.4,5.329492121
0.82,0.97,0,0.03,98.18,1405.8,4.3,7.494554083
0.12,5.13,0,0.009,94.741,1408,4.2,7.497570957
0.166,1.03,0,0.24,98.564,924,6.39,5.216882922
0.19,1.59,0.036,1.63,96.554,1440,4.1,7.652016474
0.17,1.65,1.11,0.38,96.69,995,5.9,5.53767342
0.09,1.34,0,0.012,98.558,891.9963,6.502683923,5.063453919
0.56,21.68,0,0.06,77.7,2122.6,2.7,11.00637315
0.19,4.39,0.01,0,95.41,781,7.3,4.564506732
0.29,2.95,0.06,1.59,95.11,1419,4,7.537142593
0.19,1.59,0.036,1.63,96.554,1410,4,7.491409111
0.12,4.89,1.52,0,93.47,1342,4.2,7.162192085
0.18,3.34,6.57,0,89.91,671,8.4,4.09532858
0.6,18,1.5,0,79.9,1649.2,3.4,8.657928919
0.166,1.03,0,0.24,98.564,691,8.09,4.171655035
0.19,1.59,0.036,1.63,96.554,1342,4.1,7.154029664
0.19,4.02,0.031,0.5,95.259,969,5.6,5.381067207
0.19,1.59,0.036,1.63,96.554,1446,3.7,7.649855777
0.17,3.99,0.025,0.5,95.315,1422,3.7,7.527899824
0.19,1.59,0.036,1.63,96.554,1362,3.8,7.231172362
0.195,4.52,1.3,0,93.985,911,5.6,5.086340319
0.15,7,1,0.3,91.55,995.2,5,5.465227928
0.166,1.03,0,0.24,98.564,835,5.94,4.727898699
0.15,4.02,0.027,0.49,95.313,1374,3.6,7.275825496
1.56,0,0,0,98.44,767.66275,6.36459,4.420381418
0.166,1.03,0,0.24,98.564,892,5.34,4.968569561
0.19,1.59,0.036,1.63,96.554,1424,3.3,7.505413135
0.7,10.4,9.7,0,79.2,971,4.8,5.325930833
0.17,1.49,0.033,0.22,98.087,633,7.3,3.81244502
0.28,4.95,0.06,1.64,93.07,1151,4,6.175301114
0.19,1.59,0.036,1.63,96.554,1443,3.1,7.585636756
0.19,1.59,0.036,1.63,96.554,1351,3.3,7.134463777
1.27,28.4,8.3,0.25,61.78,1456.8,3,7.647599008
0.29,2.95,0.06,1.59,95.11,1452,3,7.623207817
0.09,1.34,0,0.012,98.558,1004.89553,4.289447875,5.456497488
0.002,0.17,0,0.01,99.818,828.2,5,4.616617753
0.19,1.59,0.036,1.63,96.554,1398,2.9,7.340644501
0.8,0.03,0,0.99,98.18,1519,2.6,7.931018502
0.82,0.97,0,0.03,98.18,1272,3.1,6.716700588
0.14,7,0,0.22,92.64,1496,2.6,7.814144047
0.8,0.03,0,0.99,98.18,1920.5,2,9.922265445
0.82,0.03,0,2.01,97.14,2010.6,1.9,10.371946
0.19,1.59,0.036,1.63,96.554,1309,2.9,6.888391173
0.19,1.59,0.036,1.63,96.554,1368,2.7,7.171874716
0.19,1.59,0.036,1.63,96.554,1366,2.6,7.153549299
0.19,1.59,0.036,1.63,96.554,1380,2.5,7.216527851
0.8,0.03,0,0.99,98.18,1244,2.7,6.541768957
0.1,5.25,0,2.09,92.56,1438,2.3,7.494929896
0.77,1.96,0,0.03,97.24,1883.3,1.7,9.708746454
0.29,2.95,0.06,1.59,95.11,1571,2,8.146281874
0.79,2,0,1,96.21,1936.4,1.6,9.970411579
0.82,0.97,0,0.03,98.18,1188.6,2.6,6.252091544
0.8,0.03,0,0.99,98.18,1370,2.2,7.141225606
0.78,0.03,0,0.03,99.16,1347,2.2,7.024351151
0.82,0.97,0,0.03,98.18,1915.2,1.5,9.854521399
0.22,11.2,1.95,0,86.63,1398.3,2,7.268707159
0.82,0.97,0,0.03,98.18,1013.6,2.6,5.362829383
0.8,12,7,0,80.2,973,2.6,5.156520562
0.78,0.03,0,0.03,99.16,1524,1.6,7.87480178
0.78,0.03,0,0.03,99.16,706.1,3.4,3.8655681
0.19,4.39,0.01,0,95.41,950,2.5,5.031483686
0.189,4.45,0.48,0,94.881,862,2.7,4.600636699
0.189,4.45,0.48,0,94.881,889,2.6,4.729674725
0.78,0.03,0,0.03,99.16,1533.3,1.5,7.913897291
1.48,0,0,0,98.52,399.01409,5.49224,2.475889087
0.78,0.03,0,0.03,99.16,1209,1.8,6.290454734
0.1,4.5,0,0,95.4,795,2.7,4.260176329
0.82,0.97,0,0.03,98.18,1530,1.3,7.880803505
0.7,10.4,9.7,0,79.2,611,2.976455315,3.347746134
0.19,4.39,0.01,0,95.41,895,2,4.711189186
1.47,0,0,0,98.53,462.66565,3.86809,2.666764401
0.31,8.8,5.1,0,85.79,880,1.7,4.610479452
1,28,12,0,59,1065.3,1.4,5.527593778
0.28,4.95,0.06,1.64,93.07,1153,1.2,5.956916316
1.64,0,0,0,98.36,430.83987,3.19432,2.450045816
0.002,0.17,0,0.01,99.818,909.1,1.5,4.742026203
0.28,4.95,0.06,1.64,93.07,1362,1,7.002624567
0.3,9.3,2.15,0.028,88.222,1183.4,1,6.095069014
0.28,4.95,0.06,1.64,93.07,1244,0.9,6.394845375
0.28,4.95,0.06,1.64,93.07,1276,0.8,6.549290892
0.28,4.95,0.06,1.64,93.07,1195,0.8,6.137689549
0.1,4.5,0,0,95.4,844,1,4.370408573
0.28,4.95,0.06,1.64,93.07,1244,0.6,6.370358112
0,0,0,0,100,886.1,0.8,4.568014799
0.16,3.95,0,0.5,95.39,1105,0.6,5.664029882
0.28,4.95,0.06,1.64,93.07,971,0.6,4.983109142
0.28,4.95,0.06,1.64,93.07,958,0.6,4.917049667
0.18,3.34,6.57,0,89.91,550,0.9,2.868285723
0.78,0.03,0,0.03,99.16,1220.4,0.4,6.234109915
0,0,0,0,100,724.4,0.6,3.730011721
0,0,0,0,100,839.7,0.5,4.307746025
0.28,4.95,0.06,1.64,93.07,837,0.5,4.294025981
0.002,0.17,0,0.01,99.818,627.1,0.6,3.23558196
0.28,4.95,0.06,1.64,93.07,690,0.4,3.538883345
0.78,0.03,0,0.03,99.16,870.5,0.3,4.447931323
0.78,0.03,0,0.03,99.16,1150.6,0.2,5.863096508